rank,user_id,final_score,behavior_score,style_score,score_professionalism,score_charisma,score_expertise,kw_professional_count,kw_logistics_count,kw_charisma_count,kw_expertise_count,text_word_count,text_digit_count,text_unique_ratio,user_segment_marketing,user_city,user_region,ad_category_1,ad_category_2,ad_category_3,rating_seller,reviews_count,response_time_minutes,comments_per_ad_avg,comment_length_avg,comment_sentiment_avg,questions_per_ad_avg,followers_count,total_ads_last_12m,total_deals_last_12m,deal_success_rate
2,f87d024b1e31a3eb,86.14,93.51,68.94,0.6994802363023249,0.5965854060495425,0.7686747293425623,4,3,6,1,50,2,0.96,Постоянный клиент,Новосибирск,Сибирский,Электроника,Смартфоны и телефоны,Apple,5.0,490,16.2,2.3,28.4,0.65,8.8,266,367,216,0.91
3,99da8181cf4901fd,86.14,93.51,68.94,0.6994802363023249,0.5965854060495425,0.7686747293425623,4,3,6,1,50,2,0.96,Постоянный клиент,Новосибирск,Сибирский,Электроника,Смартфоны и телефоны,Apple,5.0,490,16.2,2.3,28.4,0.65,8.8,266,367,216,0.91
7,881e42109f3024d3,83.22,88.26,71.47,0.8989630080373217,0.478925483633782,0.7049567708729494,6,5,1,1,20,3,0.95,Новичок,Краснодар,Южный,Электроника,Ноутбуки,Dell,5.0,223,11.3,10.5,28.5,0.84,5.5,15,167,158,0.82
8,dea44c3072846bcf,82.33,85.3,75.4,0.7768793894678128,0.6960789533733932,0.7814666210288785,6,1,4,2,48,0,0.9375,Активный,Уфа,Приволжский,Электроника,Смартфоны и телефоны,Huawei,5.0,237,8.2,3.9,60.9,0.75,5.2,158,176,158,0.9
13,f34bf578f9141ca2,81.53,90.54,60.53,0.7410131588955655,0.3936170482492837,0.6359530691412489,4,4,3,1,17,0,0.9411764705882352,Активный,Екатеринбург,Уральский,Электроника,Смартфоны и телефоны,Xiaomi,5.0,478,11.7,2.8,21.7,0.55,10.5,74,359,284,0.82
14,32b77c983385741f,80.78,83.69,73.99,0.7746076417940723,0.6465251895235922,0.7868880099388961,5,3,6,1,48,3,0.9166666666666666,Постоянный клиент,Красноярск,Сибирский,Электроника,Ноутбуки,HP,4.9,239,12.9,7.4,10.7,0.59,6.2,79,180,111,0.94
18,88337019f0a85c4a,80.58,84.96,70.38,0.6802134834309475,0.7252053700463983,0.7137680332648766,4,3,6,1,51,0,0.7843137254901961,Активный,Москва,Центральный,Электроника,Аудио,Sony,5.0,148,20.3,5.2,33.8,0.67,5.2,308,111,74,0.96
20,c89b92e046362718,80.46,87.76,63.41,0.4861920336705458,0.6393873126949113,0.8261010116376359,3,0,4,1,46,6,0.9130434782608696,Активный,Воронеж,Центральный,Электроника,Ноутбуки,Dell,5.0,244,6.2,3.6,42.1,0.76,5.6,78,184,105,0.99
22,72996841bd326c0b,80.18,89.19,59.17,0.5475926066783297,0.5298756370274588,0.7121833878451358,4,0,7,1,45,0,0.8666666666666667,Спящий,Новосибирск,Сибирский,Электроника,Смартфоны и телефоны,Xiaomi,5.0,214,15.2,1.5,21.5,0.65,6.5,161,159,111,0.93
24,b2c0e82a32610522,79.81,83.55,71.1,0.7772698460992369,0.6597836008214801,0.6737614411399305,6,3,4,1,21,0,0.9047619047619048,Новичок,Пермь,Приволжский,Электроника,Смартфоны и телефоны,Google Pixel,5.0,181,29.8,2.8,9.7,0.91,13.6,431,135,73,0.85
25,0809fbec01c5877a,79.8,80.96,77.09,0.7987576379909231,0.7453151542810781,0.7593918764737202,5,4,4,1,25,5,0.88,Уходящий,Казань,Приволжский,Электроника,Смартфоны и телефоны,Apple,5.0,121,17.6,4.6,24.1,0.9,4.4,478,91,74,0.89
27,2f981145617c515b,79.78,82.96,72.38,0.7890570725894375,0.6331640932025051,0.7275550822747902,6,3,8,1,50,2,0.86,Новичок,Екатеринбург,Уральский,Электроника,Смартфоны и телефоны,Apple,5.0,516,26.2,3.2,32.3,0.71,2.7,87,385,336,0.99
28,8c3398c056a14829,79.72,83.12,71.78,0.7662787454679142,0.6575701680991861,0.7135043482670318,5,2,3,2,15,0,0.9333333333333332,Активный,Уфа,Приволжский,Электроника,Игровые приставки,Nintendo,5.0,112,11.7,12.4,37.3,0.71,3.4,167,87,63,0.93
32,c8acf4f914f85b7a,79.67,83.73,70.21,0.4825993255749093,0.8585596206992724,0.8382273522476611,4,2,8,2,49,0,0.7142857142857143,Премиум,Красноярск,Сибирский,Электроника,Игровые приставки,Nintendo,4.8,228,57.6,9.4,27.6,0.83,7.2,941,165,111,0.99
44,7f1b8074d4c52918,78.87,81.78,72.08,0.8064298572551407,0.5520803225070359,0.7753708070282194,5,3,3,1,46,3,0.9782608695652174,Активный,Пермь,Приволжский,Электроника,Ноутбуки,ASUS,4.9,178,5.9,3.6,39.4,0.74,3.8,122,132,60,0.99
45,5468c9f211556aa5,78.87,81.78,72.08,0.8064298572551407,0.5520803225070359,0.7753708070282194,5,3,3,1,46,3,0.9782608695652174,Активный,Пермь,Приволжский,Электроника,Ноутбуки,ASUS,4.9,178,5.9,3.6,39.4,0.74,3.8,122,132,60,0.99
53,99457b48fb972d25,78.61,85.96,61.45,0.6179179026900941,0.5469308587510459,0.6776634720215006,3,3,4,1,16,0,1.0,Новичок,Челябинск,Уральский,Электроника,Смартфоны и телефоны,Realme,4.9,166,4.9,0.3,39.3,0.86,4.6,94,124,63,0.98
54,08075160e8e6959a,78.61,85.96,61.45,0.6179179026900941,0.5469308587510459,0.6776634720215006,3,3,4,1,16,0,1.0,Новичок,Челябинск,Уральский,Электроника,Смартфоны и телефоны,Realme,4.9,166,4.9,0.3,39.3,0.86,4.6,94,124,63,0.98
56,7f9de70c21ca2b87,78.57,83.15,67.86,0.8321416799776882,0.4343132780609011,0.7182734971222839,6,4,1,1,19,0,0.8947368421052632,Премиум,Ростов-на-Дону,Южный,Электроника,Смартфоны и телефоны,Realme,4.7,140,1.7,3.1,15.6,0.98,5.2,308,106,85,0.99
66,bf452e1c86b61a46,77.97,79.85,73.58,0.652397251590984,0.7924577216602013,0.7903374660885879,5,3,6,1,48,6,0.9583333333333334,Активный,Краснодар,Южный,Электроника,Ноутбуки,Dell,4.8,352,33.1,10.6,42.2,0.7,3.9,160,266,203,0.98
77,6215a3cdddefab17,77.68,80.91,70.15,0.9493014882989784,0.4824991759843817,0.5902011865824902,7,4,3,1,19,0,0.7368421052631579,Спящий,Челябинск,Уральский,Электроника,Аудио,Apple,5.0,206,4.5,3.0,57.1,0.56,8.2,108,155,131,0.73
79,648a7b50886cd736,77.63,82.86,65.44,0.4490935828199082,0.7589931796861135,0.8235332521994878,4,1,7,2,47,0,0.9361702127659576,Новичок,Москва,Центральный,Электроника,Игровые приставки,Nintendo,4.8,185,35.6,6.5,26.3,0.82,6.8,97,141,101,0.97
83,6ba8339b258c82e8,77.6,82.89,65.26,0.6650034228341066,0.4805164676352019,0.8082433254734921,4,2,4,3,47,0,0.9574468085106383,Активный,Челябинск,Уральский,Электроника,Игровые приставки,Sony,5.0,172,14.4,1.6,5.0,0.66,3.7,215,126,66,0.92
88,5776a99b060f50f0,77.46,79.8,72.0,0.7654166983595752,0.5919233792246646,0.7874927106310692,6,3,2,1,20,3,0.8,Постоянный клиент,Владивосток,Дальневосточный,Электроника,Аудио,Sony,4.7,208,14.8,6.1,29.4,0.82,6.9,646,152,130,0.95
96,46347e5ec7f4e754,77.26,79.84,71.24,0.6404350802464441,0.6543723536421491,0.8662299383889861,6,0,5,3,48,0,0.9375,Постоянный клиент,Пермь,Приволжский,Электроника,Игровые приставки,Sony,4.9,256,20.6,2.6,47.6,0.68,5.1,237,194,169,0.99
98,919bd1a6911fca98,77.25,80.38,69.95,0.7015795745543978,0.5730325042468497,0.8233595750614843,5,3,4,3,21,0,0.8095238095238095,Активный,Красноярск,Сибирский,Электроника,Игровые приставки,Sony,4.6,536,8.9,2.6,31.4,0.72,4.0,126,400,265,0.95
100,3f492539b43fc743,77.24,82.86,64.15,0.4971780634365255,0.7520327831444437,0.7233576734869807,3,1,3,1,15,3,0.9333333333333332,Новичок,Казань,Приволжский,Электроника,Ноутбуки,Dell,4.9,137,8.0,6.5,62.0,1.0,5.0,145,104,91,0.93
101,efc2b86800e6caea,77.24,82.86,64.15,0.4971780634365255,0.7520327831444437,0.7233576734869807,3,1,3,1,15,3,0.9333333333333332,Новичок,Казань,Приволжский,Электроника,Ноутбуки,Dell,4.9,137,8.0,6.5,62.0,1.0,5.0,145,104,91,0.93
102,6fcbb9f6e801a035,77.23,81.26,67.84,0.8015161887376081,0.4821492862757029,0.7103394944347252,8,2,2,1,25,3,0.72,Спящий,Уфа,Приволжский,Электроника,Ноутбуки,Acer,,267,7.4,4.1,15.9,0.99,6.4,30,200,129,0.81
103,fb589889a440090f,77.22,81.12,68.11,0.6125833523490785,0.6850079866129155,0.7685644380213483,3,5,5,1,20,2,0.9,Премиум,Владивосток,Дальневосточный,Электроника,Смартфоны и телефоны,Apple,5.0,157,18.3,6.0,20.1,0.56,5.7,550,116,79,0.96
121,10fb40f17d8407ae,76.74,79.34,70.67,0.6637712025557162,0.7542088182348318,0.7163820643492812,5,3,6,1,46,0,0.9565217391304348,Активный,Новосибирск,Сибирский,Электроника,Аудио,Apple,5.0,530,63.9,17.2,42.6,0.63,4.4,97,402,164,0.99
126,da2eac32c3d4f472,76.55,85.0,56.83,0.6413453005755432,0.387481301184047,0.6517830430262925,4,2,0,0,16,3,0.875,Новичок,Пермь,Приволжский,Электроника,Аудио,Sennheiser,5.0,89,19.2,5.7,60.4,0.37,7.3,594,68,60,0.99
127,7fe6c40186faccdd,76.52,84.07,58.92,0.535475773940823,0.5692648512968739,0.6806768337516798,4,1,2,2,29,0,0.9310344827586208,Постоянный клиент,Омск,Сибирский,Электроника,Игровые приставки,Microsoft,5.0,442,25.2,6.4,32.4,0.81,7.3,218,331,235,0.71
129,0d2e98cf7ad41afb,76.51,82.07,63.53,0.775502649527142,0.4212215714611699,0.6624191830835933,6,2,2,1,49,0,0.8775510204081632,Новичок,Пермь,Приволжский,Электроника,Аудио,Apple,4.9,160,16.0,0.6,32.8,0.9,3.0,369,122,61,0.95
133,11c15e7a28c693d5,76.45,81.5,64.67,0.5747445551583378,0.6669791587434396,0.7223346264039958,3,4,5,1,20,3,0.85,Уходящий,Ростов-на-Дону,Южный,Электроника,Ноутбуки,Dell,4.7,146,5.6,2.3,34.6,0.76,5.3,415,116,94,0.85
134,9d5d2827eb89f343,76.44,80.2,67.65,0.6074389594584316,0.6330943688040364,0.8120439390481986,4,1,4,3,44,0,0.9545454545454546,Активный,Новосибирск,Сибирский,Электроника,Игровые приставки,Sony,5.0,534,12.7,2.9,16.9,0.87,2.8,187,402,345,0.99
135,c89e16aa44d21cdf,76.43,81.61,64.34,0.8294820111051951,0.470119292107198,0.5684192845009001,6,5,2,1,20,0,0.7,Уходящий,Омск,Сибирский,Электроника,Аудио,Sony,5.0,232,,3.6,5.0,0.82,4.7,314,175,100,0.73
145,d0901201916022a2,76.2,82.94,60.47,0.7068786288380112,0.4452669810603179,0.6280171648791867,4,2,2,1,14,0,0.8571428571428571,Уходящий,Москва,Центральный,Электроника,Смартфоны и телефоны,Realme,5.0,89,5.0,2.9,30.1,0.67,4.3,1978,64,60,0.94
146,321436158221f5c7,76.2,82.94,60.47,0.7068786288380112,0.4452669810603179,0.6280171648791867,4,2,2,1,14,0,0.8571428571428571,Уходящий,Москва,Центральный,Электроника,Смартфоны и телефоны,Realme,5.0,89,5.0,2.9,30.1,0.67,4.3,1978,64,60,0.94
147,c977aad200f1f197,76.18,79.91,67.48,0.6928019066453691,0.5569071524555665,0.76860310336959,5,2,4,2,20,0,0.85,Спящий,Омск,Сибирский,Электроника,Игровые приставки,Nintendo,4.9,102,20.8,2.1,34.5,0.75,6.6,82,76,55,0.87
148,5202850158c7ec6e,76.18,79.91,67.48,0.6928019066453691,0.5569071524555665,0.76860310336959,5,2,4,2,20,0,0.85,Спящий,Омск,Сибирский,Электроника,Игровые приставки,Nintendo,4.9,102,20.8,2.1,34.5,0.75,6.6,82,76,55,0.87
153,e3b23e80e1990772,76.09,80.61,65.52,0.5010750234527522,0.7937628356279,0.7222680712963667,3,4,5,2,20,0,0.9,Новичок,Екатеринбург,Уральский,Электроника,Игровые приставки,Nintendo,4.7,421,21.5,6.2,38.1,0.97,4.6,31,313,262,0.83
159,8dd69d54bb4375e4,76.04,81.16,64.09,0.4756091376993484,0.5749942952764889,0.9270340508607796,3,1,2,3,48,3,0.8541666666666666,Активный,Воронеж,Центральный,Электроника,Игровые приставки,Sony,4.9,189,12.5,6.7,33.5,0.82,5.0,189,139,90,0.98
167,8b177beba0f32f39,75.91,84.68,55.47,0.5738926497806851,0.4394944347252859,0.6444264851296874,4,1,0,1,46,0,0.7608695652173914,Постоянный клиент,Москва,Центральный,Электроника,Смартфоны и телефоны,Realme,4.9,156,13.6,3.1,59.9,0.94,4.4,154,119,52,0.85
172,112ca34e98544e51,75.84,76.43,74.46,0.8380492381024822,0.7887553561015188,0.5759571258335234,6,3,3,1,19,0,0.9473684210526316,Постоянный клиент,Казань,Приволжский,Электроника,Смартфоны и телефоны,Realme,5.0,151,18.1,8.1,67.4,0.93,4.7,374,113,61,0.75
178,48d10dbb6cdf154b,75.73,79.2,67.62,0.7352653330290814,0.7488920159225171,0.5247616693288709,4,3,5,1,16,0,0.9375,Постоянный клиент,Уфа,Приволжский,Электроника,Смартфоны и телефоны,Xiaomi,5.0,144,9.0,4.7,27.7,1.0,2.2,34,105,96,0.82
186,6a2f811fbb31d87f,75.62,81.78,61.24,0.7146902968991659,0.4547266803580031,0.6338271088461245,4,3,5,1,50,0,0.92,Новичок,Самара,Приволжский,Электроника,Смартфоны и телефоны,Google Pixel,5.0,118,13.2,0.9,53.8,0.36,3.6,19,91,64,0.86
193,b34713354729b327,75.5,81.22,62.16,0.4644912654344464,0.6456903983164727,0.8070554752668543,4,1,4,2,47,0,0.9148936170212766,Новичок,Нижний Новгород,Приволжский,Электроника,Игровые приставки,Nintendo,5.0,232,67.4,1.2,39.9,0.91,9.9,503,173,130,0.91
194,09f49d1f928203d7,75.5,81.22,62.16,0.4644912654344464,0.6456903983164727,0.8070554752668543,4,1,4,2,47,0,0.9148936170212766,Новичок,Нижний Новгород,Приволжский,Электроника,Игровые приставки,Nintendo,5.0,232,67.4,1.2,39.9,0.91,9.9,503,173,130,0.91
196,8471397ed3fe14c2,75.46,78.86,67.51,0.6224284374128446,0.7034710073274004,0.7170450799929008,3,4,4,2,19,0,0.8947368421052632,Активный,Пермь,Приволжский,Электроника,Смартфоны и телефоны,Huawei,4.9,221,8.7,3.2,54.7,0.95,5.4,63,164,121,0.81
198,b8af2c02b995b4ae,75.42,77.83,69.79,0.6680586192033671,0.6732581577546207,0.762237265789407,5,0,10,1,50,6,0.8,Постоянный клиент,Москва,Центральный,Электроника,Ноутбуки,ASUS,5.0,175,8.5,1.9,49.8,0.73,3.0,429,128,87,0.97
212,842b5e079e172069,75.26,76.77,71.73,0.6542760072006288,0.7318602469511423,0.786925407570802,5,2,3,1,49,1,0.9387755102040816,Активный,Воронеж,Центральный,Электроника,Ноутбуки,Apple,4.8,419,23.9,5.8,48.3,0.89,5.4,446,314,205,0.99
213,93aa12a8c1cabc3c,75.24,76.52,72.25,0.6751907913085368,0.7676789381607971,0.7403831038766765,4,4,4,1,20,2,1.0,Постоянный клиент,Краснодар,Южный,Электроника,Смартфоны и телефоны,Apple,4.7,172,6.6,4.9,29.1,0.95,3.3,364,127,116,0.99
222,740fc96d6a1aec4a,75.12,81.91,59.26,0.6167769579878807,0.359772191374458,0.793083973530083,4,2,2,3,14,0,1.0,Премиум,Самара,Приволжский,Электроника,Игровые приставки,Sony,4.9,138,18.3,1.4,39.7,0.63,4.5,386,104,59,0.99
223,6590fed280c829fb,75.11,81.81,59.46,0.5922745366496793,0.599719200831622,0.592545194087371,3,3,3,2,12,0,1.0,Новичок,Новосибирск,Сибирский,Электроника,Смартфоны и телефоны,Huawei,5.0,116,16.9,3.4,36.6,0.85,4.9,198,86,53,0.75
224,1071ae49cc0daf66,75.07,76.38,72.02,0.8351233487994727,0.7125820846327426,0.5747109606754393,5,3,3,1,22,1,0.8636363636363636,Уходящий,Уфа,Приволжский,Электроника,Ноутбуки,Apple,5.0,159,6.0,4.7,39.0,0.97,3.5,579,120,77,0.66
225,9586eb2e55ee4931,75.07,83.56,55.27,0.6781141451788748,0.2870794351056007,0.6510072006287873,5,4,1,2,19,0,0.8421052631578947,Постоянный клиент,Челябинск,Уральский,Электроника,Смартфоны и телефоны,Huawei,5.0,287,70.7,0.5,19.5,1.0,6.1,58,216,165,0.67
228,9921d3882492d7a4,75.03,76.09,72.57,0.7818640501001496,0.6755007479526381,0.7008696534063538,4,5,3,1,19,3,0.8947368421052632,Спящий,Челябинск,Уральский,Электроника,Ноутбуки,Lenovo,5.0,83,1.5,3.1,37.9,1.0,3.6,1293,62,57,0.87
238,ec89931a4963212a,74.94,84.21,53.32,0.5226895869780178,0.3331279632869349,0.7472965949139221,3,5,2,1,45,0,0.7333333333333333,Активный,Нижний Новгород,Приволжский,Электроника,Аудио,Apple,4.8,254,,3.2,5.5,0.54,8.7,204,189,142,0.99
239,513cdf814931dfeb,74.9,81.48,59.55,0.6527293932709617,0.5626866712304455,0.5519979209452094,4,2,4,0,15,0,0.8,Новичок,Воронеж,Центральный,Электроника,Аудио,JBL,4.8,114,4.5,1.5,44.3,0.73,5.3,154,84,66,0.99
242,197093c88afde9a2,74.86,81.61,59.1,0.5075251641692655,0.5379516239446261,0.7554378692223828,3,6,2,2,49,0,0.7959183673469388,Новичок,Санкт-Петербург,Северо-Западный,Электроника,Игровые приставки,Microsoft,5.0,149,58.2,12.6,24.1,0.79,5.0,47,110,81,0.86
244,34be8b245c9119fa,74.84,79.66,63.58,0.5169290839481757,0.6826139043127709,0.7474284374128446,3,2,4,2,15,0,0.8,Новичок,Красноярск,Сибирский,Электроника,Игровые приставки,Microsoft,4.7,123,3.7,5.3,44.7,0.68,8.5,151,95,56,0.89
247,52a40bfd7edd9137,74.8,78.63,65.88,0.6964123627697066,0.6634377931594028,0.6041207119494941,4,3,6,1,44,0,0.9318181818181818,Активный,Красноярск,Сибирский,Электроника,Аудио,Sony,4.9,531,11.1,5.8,35.0,0.63,2.4,37,399,325,0.88
248,593ff71617ac8b2e,74.8,78.66,65.8,0.6562054714637053,0.4871650059582667,0.8312783651530133,4,6,4,2,47,3,0.851063829787234,Новичок,Ростов-на-Дону,Южный,Электроника,Игровые приставки,Nintendo,4.9,375,,3.5,25.3,0.52,3.1,5,284,166,0.95
252,f737290e04ea644a,74.77,78.15,66.87,0.7865191044851805,0.414340407190487,0.7659694226819806,5,4,2,1,22,3,0.9090909090909092,Новичок,Санкт-Петербург,Северо-Западный,Электроника,Ноутбуки,Lenovo,4.9,167,14.2,0.9,44.9,0.94,7.7,77,124,98,0.89
254,89cb03c3b19e2556,74.75,78.0,67.16,0.853107172739028,0.5154610684313278,0.5857869983012601,7,2,4,1,22,0,0.8181818181818182,Спящий,Воронеж,Центральный,Электроника,Аудио,Sony,5.0,179,12.6,1.3,33.7,0.68,3.0,184,134,71,0.82
266,074b43301717fe75,74.64,83.36,54.3,0.5254278542633302,0.5450996425039933,0.5643030095585811,2,3,5,1,18,0,0.8888888888888888,Премиум,Новосибирск,Сибирский,Электроника,Аудио,Sony,4.9,230,9.6,1.3,34.7,0.66,2.9,153,173,139,0.81
268,fe8e5e14cf146dc2,74.64,83.36,54.3,0.5254278542633302,0.5450996425039933,0.5643030095585811,2,3,5,1,18,0,0.8888888888888888,Премиум,Новосибирск,Сибирский,Электроника,Аудио,Sony,4.9,230,9.6,1.3,34.7,0.66,2.9,153,173,139,0.81
279,216059cce7c0ddd1,74.55,76.73,69.45,0.5964909611825258,0.7158027179838239,0.8037321568925737,5,4,4,1,23,3,0.782608695652174,Новичок,Санкт-Петербург,Северо-Западный,Электроника,Ноутбуки,HP,4.7,224,60.2,2.9,47.8,1.0,5.8,131,168,117,0.99
285,398479ae3102e488,74.46,81.21,58.71,0.5297609086990696,0.5402480920869146,0.7102602621637382,3,2,2,1,50,0,0.8,Уходящий,Красноярск,Сибирский,Электроника,Аудио,Apple,5.0,472,21.0,4.3,12.5,0.84,5.2,2403,349,215,0.95
286,dfe8cb1b411c43b2,74.46,78.89,64.13,0.6837630891711671,0.4709471108744707,0.7550112826753885,6,1,2,1,47,3,0.7446808510638298,Новичок,Пермь,Приволжский,Электроника,Ноутбуки,Dell,5.0,105,25.0,4.3,49.6,0.72,4.1,43,80,36,0.93
287,35f694c55fd2ba4d,74.45,77.71,66.85,0.6258512715194848,0.7428868436398671,0.6509539565426841,4,3,4,3,18,0,0.8888888888888888,Премиум,Самара,Приволжский,Электроника,Игровые приставки,Sony,4.9,161,,5.5,41.2,0.79,3.2,233,120,95,0.7
289,0f036c9079d96f34,74.41,77.99,66.05,0.7414543241804215,0.5191158946274181,0.6938934104104865,6,1,4,1,50,3,0.82,Новичок,Уфа,Приволжский,Электроника,Ноутбуки,Dell,5.0,157,15.4,0.5,14.9,0.81,3.2,245,117,88,0.86
291,2b0977eb8c193e6a,74.4,79.7,62.05,0.8301691133591949,0.4015890824269161,0.5598013488501813,5,3,3,1,16,0,0.875,Премиум,Самара,Приволжский,Электроника,Аудио,Sony,5.0,258,7.3,3.1,31.0,0.44,2.9,71,192,168,0.83
295,57f141ad8bbeb757,74.36,76.67,68.95,0.8409345604827464,0.4334518648107299,0.7436557135975255,8,3,1,3,22,0,0.6818181818181818,Премиум,Новосибирск,Сибирский,Электроника,Игровые приставки,Sony,4.7,113,8.4,4.9,31.4,0.67,5.5,615,84,48,0.77
307,ba8702a023181491,74.3,80.17,60.61,0.5970132603128725,0.4580499987322836,0.7662926903476078,4,1,2,1,50,3,0.8,Новичок,Краснодар,Южный,Электроника,Ноутбуки,HP,4.9,286,8.9,3.4,18.2,0.71,5.4,1111,213,189,0.91
314,bb7a852a1b99692d,74.24,80.25,60.22,0.5179407215841383,0.5623329783727592,0.7542842473568114,3,2,5,3,46,0,0.9565217391304348,Новичок,Самара,Приволжский,Электроника,Игровые приставки,Sony,5.0,266,24.0,0.6,16.0,1.0,2.4,11,200,168,0.9
315,42e1a9a2b3c19b29,74.22,77.01,67.7,0.7422935523947163,0.4812289242159174,0.7855727542405112,5,3,3,1,47,1,0.9787234042553192,Спящий,Владивосток,Дальневосточный,Электроника,Ноутбуки,Apple,5.0,329,,1.7,33.5,0.69,9.5,485,245,174,0.95
316,f93dbe416409ba13,74.22,75.05,72.3,0.8003803149007379,0.6378514743540986,0.7048585228569255,6,2,3,1,45,0,0.9333333333333332,Спящий,Самара,Приволжский,Электроника,Аудио,Apple,4.9,99,11.1,5.0,22.9,0.77,6.9,3837,72,54,0.91
321,1b58b1bb844fe8c9,74.18,77.4,66.65,0.5224918232296342,0.786148297456961,0.7390082655105094,4,3,5,1,47,0,0.9361702127659576,Новичок,Екатеринбург,Уральский,Электроника,Смартфоны и телефоны,Realme,4.8,157,62.1,5.5,51.1,0.79,9.2,145,119,84,0.98
322,84c4905041012172,74.18,77.4,66.65,0.5224918232296342,0.786148297456961,0.7390082655105094,4,3,5,1,47,0,0.9361702127659576,Новичок,Екатеринбург,Уральский,Электроника,Смартфоны и телефоны,Realme,4.8,157,62.1,5.5,51.1,0.79,9.2,145,119,84,0.98
330,a679ffa7dd649db8,74.13,79.08,62.56,0.5954412920564894,0.573128216830202,0.71838315458533,5,1,5,1,46,2,0.8478260869565217,Новичок,Уфа,Приволжский,Электроника,Смартфоны и телефоны,Apple,4.8,193,22.0,2.6,36.2,0.67,2.8,32,144,127,0.97
331,70b548462a234c5e,74.13,81.59,56.72,0.3740650592023529,0.6330183058238887,0.7589811363809235,2,1,4,2,14,0,0.9285714285714286,Постоянный клиент,Челябинск,Уральский,Электроника,Игровые приставки,Nintendo,4.9,137,18.0,4.6,50.7,0.57,7.3,152,102,91,0.96
336,6fdebb8fd03ea3c5,74.07,77.98,64.96,0.5176643594229355,0.6401929464263076,0.8348070535736923,4,2,7,3,47,0,0.9361702127659576,Активный,Самара,Приволжский,Электроника,Игровые приставки,Sony,5.0,350,105.0,1.3,20.4,0.87,3.5,401,265,135,0.99
338,35bc5a750c852bf6,74.03,78.55,63.48,0.5897517811414518,0.615978930554499,0.7135252655865725,4,3,4,1,23,6,0.9130434782608696,Активный,Уфа,Приволжский,Электроника,Ноутбуки,Lenovo,4.9,221,33.7,0.8,81.4,0.92,5.7,89,164,82,0.79
340,0d2a30ca8f58b2ff,74.02,76.28,68.76,0.6980451814102077,0.6820047666134226,0.6791917040642985,4,5,5,1,19,3,0.8947368421052632,Спящий,Омск,Сибирский,Электроника,Ноутбуки,Lenovo,5.0,121,22.5,2.6,31.6,0.93,6.8,91,90,40,0.77
345,418f65f0568beb8e,73.98,76.87,67.23,0.608592581324003,0.5383674349027662,0.8912831824750894,5,4,1,3,21,3,0.8571428571428571,Активный,Пермь,Приволжский,Электроника,Игровые приставки,Sony,4.7,174,48.7,5.1,37.1,1.0,6.4,221,131,68,0.88
352,c6b659b736f0c77a,73.89,77.4,65.71,0.6778935625364468,0.4763875155295251,0.8099870692933749,3,5,2,1,21,3,0.8571428571428571,Постоянный клиент,Самара,Приволжский,Электроника,Ноутбуки,Acer,5.0,115,2.0,12.2,25.5,0.35,7.2,356,86,36,0.99
360,92b62d327c3cb3ad,73.82,76.84,66.77,0.6840140970056541,0.6365229076341876,0.6772856925534342,5,2,5,1,46,0,0.9130434782608696,Активный,Нижний Новгород,Приволжский,Электроника,Аудио,Sony,4.8,125,17.0,4.8,36.7,0.57,2.9,89,91,72,0.99
365,975cfed68a524a62,73.79,77.85,64.31,0.4840825536877868,0.7736391065135265,0.7247134961081109,2,3,5,2,18,0,0.9444444444444444,Постоянный клиент,Москва,Центральный,Электроника,Игровые приставки,Nintendo,4.7,132,4.8,8.2,40.2,0.62,3.2,510,97,69,0.9
368,47019a8ddcedeb29,73.75,78.21,63.34,0.7814406328439949,0.4341148804543495,0.6353787936411348,5,2,4,1,19,1,0.8947368421052632,Активный,Новосибирск,Сибирский,Электроника,Ноутбуки,Apple,5.0,139,8.5,1.8,19.3,0.61,5.4,24,104,88,0.74
374,2e14ed31016214cf,73.67,77.35,65.07,0.464585076443295,0.6153704267133185,0.9340255064526762,3,3,3,3,20,3,0.95,Постоянный клиент,Челябинск,Уральский,Электроника,Игровые приставки,Sony,4.8,163,31.8,9.3,5.0,0.79,5.4,114,122,74,0.99
379,e90aebd98a015925,73.63,77.62,64.32,0.7930579853451992,0.4954736188230522,0.591058796683654,5,3,3,1,19,2,0.9473684210526316,Спящий,Владивосток,Дальневосточный,Электроника,Смартфоны и телефоны,Apple,5.0,264,15.0,4.2,42.7,0.58,2.8,62,199,130,0.76
380,77b09cfb6264fcb8,73.62,78.95,61.16,0.6197180598869197,0.4660201313354124,0.7465023706295479,6,1,2,1,47,3,0.7659574468085106,Спящий,Пермь,Приволжский,Электроника,Ноутбуки,Dell,5.0,194,57.3,3.2,23.0,0.83,3.2,197,145,83,0.97
382,f4d18bf97326a163,73.6,78.55,62.07,0.5991480946223473,0.600825917192769,0.6693561268730509,3,2,3,1,13,0,0.9230769230769232,Новичок,Воронеж,Центральный,Электроника,Смартфоны и телефоны,Realme,5.0,97,6.3,2.2,60.7,0.81,9.7,496,76,59,0.99
383,a010262d73b576c2,73.6,76.42,67.03,0.5513044801095307,0.695547780228696,0.8035698892015922,3,4,4,1,20,3,0.95,Постоянный клиент,Санкт-Петербург,Северо-Западный,Электроника,Ноутбуки,ASUS,4.7,176,11.1,16.2,36.6,0.65,6.4,79,133,82,0.99
384,9d1bb2e6bdebe11a,73.59,79.46,59.88,0.6002053700463984,0.4903938794655308,0.7053225070358257,3,2,2,2,15,0,1.0,Премиум,Санкт-Петербург,Северо-Западный,Электроника,Смартфоны и телефоны,Huawei,5.0,95,6.0,3.3,66.2,0.64,5.3,513,71,46,0.85
393,f76baf7a7423e19a,73.51,78.05,62.93,0.6408737100986284,0.5702371897264268,0.6728493192363276,5,3,3,1,18,3,0.9444444444444444,Постоянный клиент,Владивосток,Дальневосточный,Электроника,Ноутбуки,Lenovo,4.7,219,26.0,5.2,38.0,0.68,3.7,116,167,75,0.83
395,cca439d2dd41518a,73.51,78.05,62.93,0.6408737100986284,0.5702371897264268,0.6728493192363276,5,3,3,1,18,3,0.9444444444444444,Постоянный клиент,Владивосток,Дальневосточный,Электроника,Ноутбуки,Lenovo,4.7,219,26.0,5.2,38.0,0.68,3.7,116,167,75,0.83
398,674d9be7b8dcc191,73.48,81.95,53.72,0.5385360411754265,0.4864417737886969,0.5862497147638245,3,1,4,1,15,0,0.8666666666666667,Постоянный клиент,Екатеринбург,Уральский,Электроника,Смартфоны и телефоны,Xiaomi,5.0,100,4.3,2.0,5.0,0.53,4.5,674,75,51,0.83
402,b84cddc330603d39,73.45,77.72,63.47,0.62875434192845,0.5756192794300347,0.7015954210085951,4,3,4,3,20,0,0.9,Новичок,Красноярск,Сибирский,Электроника,Игровые приставки,Sony,5.0,204,30.1,4.1,30.4,0.63,3.2,77,154,92,0.78
405,06dcfd902bd38efb,73.42,77.92,62.94,0.7558530463223548,0.473226464846226,0.6170514185745798,8,3,2,1,24,1,0.7916666666666666,Активный,Воронеж,Центральный,Электроника,Ноутбуки,Apple,4.8,240,33.4,5.3,54.0,0.67,6.1,13,182,141,0.66
407,c1a9ab5688e85a05,73.39,71.51,77.76,0.8079916837808373,0.6534317081209909,0.8612421084658097,7,3,3,2,22,3,0.8181818181818182,Постоянный клиент,Красноярск,Сибирский,Электроника,Смартфоны и телефоны,Huawei,4.6,157,5.0,5.3,64.2,0.84,3.6,45,119,52,0.99
420,6fee5fb5ec6841f9,73.3,76.9,64.89,0.6414264344210339,0.5241461930478436,0.7837231561065897,4,5,3,3,19,0,0.8947368421052632,Новичок,Казань,Приволжский,Электроника,Игровые приставки,Sony,4.8,123,22.8,4.5,49.9,0.32,4.0,264,92,54,0.88
424,0ae5c88613109065,73.27,74.27,70.95,0.8090895261276339,0.6729050987551026,0.6133395451433786,7,3,2,1,20,0,0.8,Новичок,Краснодар,Южный,Электроника,Аудио,Sony,5.0,533,29.7,7.3,71.6,0.86,3.6,386,397,256,0.84
432,a67df24af57314af,73.19,75.64,67.49,0.7414543241804215,0.6003689054537158,0.6607058644557694,6,1,5,1,46,3,0.8695652173913043,Новичок,Владивосток,Дальневосточный,Электроника,Ноутбуки,Dell,5.0,215,15.4,1.4,53.7,0.75,1.1,72,160,138,0.99
434,b1865cd0e9800839,73.18,76.23,66.06,0.8175299814913416,0.4613302147511472,0.6506008975431656,7,3,1,1,25,6,0.72,Активный,Москва,Центральный,Электроника,Ноутбуки,Acer,5.0,182,27.1,4.0,54.7,0.69,4.1,685,133,83,0.72
441,96330e4a102881dc,73.1,80.37,56.13,0.5570370933799853,0.3800011409447022,0.7481326538373774,3,5,1,1,51,3,0.7058823529411765,Активный,Екатеринбург,Уральский,Электроника,Ноутбуки,ASUS,5.0,161,28.5,4.5,32.6,0.63,4.2,225,119,93,0.91
443,843249b8c04d847e,73.06,77.53,62.65,0.6884536396136001,0.5490384371593012,0.6212114297304835,4,4,3,1,21,3,0.8571428571428571,Новичок,Омск,Сибирский,Электроника,Ноутбуки,Lenovo,4.9,169,16.3,3.9,7.9,0.69,3.1,1652,128,69,0.76
446,e1ed73f9617373f8,72.99,72.73,73.6,0.666187469891737,0.8913326234121853,0.6738875789153418,4,3,5,1,21,3,0.9047619047619048,Активный,Самара,Приволжский,Электроника,Ноутбуки,Lenovo,5.0,130,23.8,9.4,49.7,0.92,3.6,226,96,58,0.82
459,42571ed3ec83c694,72.89,74.04,70.19,0.6906087573844477,0.7503733424608909,0.6685302096802819,5,3,4,1,23,3,0.8695652173913043,Спящий,Казань,Приволжский,Электроника,Ноутбуки,Acer,4.9,184,29.0,8.1,55.2,0.77,4.1,54,136,99,0.79
460,da4d4fca9c255816,72.89,74.04,70.19,0.6906087573844477,0.7503733424608909,0.6685302096802819,5,3,4,1,23,3,0.8695652173913043,Спящий,Казань,Приволжский,Электроника,Ноутбуки,Acer,4.9,184,29.0,8.1,55.2,0.77,4.1,54,136,99,0.79
467,50bac145fbd4bb50,72.85,75.15,67.47,0.7149311630029666,0.5375770137673994,0.7581412743084608,6,0,3,1,18,3,0.9444444444444444,Уходящий,Екатеринбург,Уральский,Электроника,Ноутбуки,Acer,4.9,101,3.6,3.1,85.2,0.52,4.9,509,76,52,0.94
470,e046f90e105d5c81,72.84,73.84,70.5,0.7281610506832992,0.6185916939225679,0.760458025912122,6,3,8,3,47,0,0.9148936170212766,Новичок,Челябинск,Уральский,Электроника,Игровые приставки,Sony,,180,22.9,3.1,9.8,0.63,2.2,583,132,114,0.93
472,60a0a15d1f056499,72.81,76.5,64.19,0.6026013539210466,0.6776615704469967,0.6586369513957556,4,2,3,1,46,3,0.9565217391304348,Активный,Омск,Сибирский,Электроника,Смартфоны и телефоны,Realme,4.8,209,15.8,5.0,39.3,0.96,1.7,152,156,129,0.91
474,e96cc66e5768a363,72.79,75.81,65.73,0.8464744808701605,0.4309595344945615,0.6313518927004893,8,3,2,1,23,2,0.782608695652174,Спящий,Санкт-Петербург,Северо-Западный,Электроника,Смартфоны и телефоны,Apple,5.0,208,,2.1,44.2,0.89,2.2,15,152,114,0.85
476,d723ecdd3dcd5fbc,72.77,75.62,66.13,0.5963971501736772,0.7690905403007023,0.6401282928931823,4,1,3,1,14,3,0.9285714285714286,Премиум,Краснодар,Южный,Электроника,Аудио,Apple,5.0,107,14.9,7.8,46.5,1.0,4.1,255,80,72,0.84
479,e4f200ffce6745f3,72.71,72.24,73.83,0.8310336959002055,0.7034938262214447,0.6493293780583657,6,2,5,1,48,6,0.9166666666666666,Постоянный клиент,Краснодар,Южный,Электроника,Ноутбуки,Lenovo,5.0,189,10.8,5.8,34.0,0.5,1.0,1001,141,73,0.93
482,73383de9befaca4a,72.68,78.26,59.66,0.7267412083872113,0.460848482543546,0.5589792348064198,5,4,1,0,16,0,0.875,Новичок,Красноярск,Сибирский,Электроника,Аудио,Sennheiser,4.7,391,14.2,3.8,24.9,0.87,6.8,459,293,262,0.95
484,b1a0b5ea4b34b8fa,72.67,75.07,67.06,0.5055804873101595,0.77227314216171,0.7888637458482292,3,3,5,3,18,0,0.8888888888888888,Активный,Красноярск,Сибирский,Электроника,Игровые приставки,Sony,4.9,122,27.1,10.0,52.7,0.64,11.5,137,89,35,0.83
495,a5a31484b3caf120,72.62,75.74,65.35,0.477733830278137,0.823954767881139,0.7174646941000481,4,2,5,1,46,0,0.8695652173913043,Активный,Челябинск,Уральский,Электроника,Смартфоны и телефоны,Google Pixel,,177,37.4,5.8,51.4,0.76,5.6,584,131,117,0.96
497,c6e32ce7c1f893fa,72.61,78.37,59.16,0.736576151720291,0.2831292310032707,0.7068532745112954,6,4,2,1,23,3,0.8260869565217391,Постоянный клиент,Самара,Приволжский,Электроника,Ноутбуки,HP,5.0,130,73.8,0.5,9.8,0.78,2.7,70,99,91,0.92
499,29519bd90204d9f7,72.61,78.37,59.16,0.736576151720291,0.2831292310032707,0.7068532745112954,6,4,2,1,23,3,0.8260869565217391,Постоянный клиент,Самара,Приволжский,Электроника,Ноутбуки,HP,5.0,130,73.8,0.5,9.8,0.78,2.7,70,99,91,0.92
502,14f1863ce28e68be,72.56,79.93,55.35,0.5797140031946452,0.4148335488451103,0.6571251996653229,2,5,1,2,17,0,0.9411764705882352,Новичок,Екатеринбург,Уральский,Электроника,Игровые приставки,Microsoft,5.0,244,10.0,7.3,8.0,0.61,2.7,535,184,164,0.83
514,6c90a81018fcdae0,72.49,73.71,69.63,0.7528434877411831,0.6538665348241677,0.6633097538094876,6,3,4,1,22,3,0.9090909090909092,Новичок,Екатеринбург,Уральский,Электроника,Ноутбуки,Acer,5.0,232,39.8,5.4,26.4,0.65,3.4,273,176,145,0.81
515,be7b88baa1e39c94,72.46,76.28,63.56,0.5057174006744252,0.6214560989832916,0.8227840318450343,4,1,11,3,47,0,0.723404255319149,Активный,Ростов-на-Дону,Южный,Электроника,Игровые приставки,Sony,5.0,139,35.1,9.4,10.2,0.5,3.1,29,104,65,0.99
518,52d1d35db1e3c913,72.45,73.59,69.81,0.6733931695443828,0.6461442407646866,0.7828541365584037,4,4,5,2,47,3,0.9574468085106383,Активный,Нижний Новгород,Приволжский,Электроника,Игровые приставки,Microsoft,5.0,533,,4.2,38.0,0.29,2.3,686,400,350,0.91
526,6cf1a01c3b6e3d20,72.41,81.14,52.04,0.4329251286732081,0.4399482771734996,0.717557871250729,2,4,3,2,18,3,1.0,Постоянный клиент,Новосибирск,Сибирский,Электроника,Игровые приставки,Nintendo,5.0,179,47.9,1.2,41.6,0.55,4.2,1466,136,125,0.73
527,78f11afa97716a9d,72.41,73.0,71.06,0.8555487944017648,0.5368119469587485,0.6910448518039602,7,3,1,1,22,3,0.7272727272727273,Активный,Санкт-Петербург,Северо-Западный,Электроника,Аудио,Sony,4.8,126,9.8,8.0,39.3,1.0,3.7,28,94,76,0.84
528,58323ee0687edf10,72.41,81.14,52.04,0.4329251286732081,0.4399482771734996,0.717557871250729,2,4,3,2,18,3,1.0,Постоянный клиент,Новосибирск,Сибирский,Электроника,Игровые приставки,Nintendo,5.0,179,47.9,1.2,41.6,0.55,4.2,1466,136,125,0.73
530,d1ca9407943c0665,72.4,78.56,58.04,0.4881874191830836,0.7013234958545675,0.5823552901802692,3,6,4,1,18,0,0.8333333333333334,Спящий,Воронеж,Центральный,Электроника,Смартфоны и телефоны,Realme,5.0,309,102.5,5.5,5.0,0.76,4.3,825,230,119,0.78
532,c30d6607c9eda3c9,72.39,76.61,62.55,0.6246291929717807,0.6157760959407722,0.6362547856291676,4,3,5,2,18,0,0.9444444444444444,Спящий,Казань,Приволжский,Электроника,Игровые приставки,Nintendo,5.0,316,31.5,3.4,38.4,0.55,5.6,202,236,170,0.65
537,a27b3985036656e1,72.36,80.09,54.33,0.5925077964554651,0.6092568646839582,0.4118569508886692,3,3,4,0,15,0,1.0,Премиум,Красноярск,Сибирский,Электроника,Аудио,Sennheiser,4.8,383,4.5,2.3,42.5,0.85,2.5,43,287,126,0.85
545,6a1a2fd06ec4531b,72.32,76.81,61.85,0.7036053852589945,0.3902037220151619,0.7334353844983648,8,0,2,3,19,0,0.7368421052631579,Активный,Нижний Новгород,Приволжский,Электроника,Игровые приставки,Sony,4.8,135,11.3,4.8,21.1,0.39,6.6,277,100,45,0.75
547,e7b504cb8060b937,72.32,76.81,61.85,0.7036053852589945,0.3902037220151619,0.7334353844983648,8,0,2,3,19,0,0.7368421052631579,Активный,Нижний Новгород,Приволжский,Электроника,Игровые приставки,Sony,4.8,135,11.3,4.8,21.1,0.39,6.6,277,100,45,0.75
551,d24ce904499b70d1,72.28,76.72,61.93,0.461068431327806,0.6818310894754189,0.767752465708273,3,3,8,2,31,0,0.8064516129032258,Новичок,Казань,Приволжский,Электроника,Игровые приставки,Nintendo,4.6,397,18.9,1.9,41.0,0.95,3.3,92,299,272,0.96
553,edc328733a0cb9ef,72.24,76.63,61.98,0.7452067645343678,0.4748941456859613,0.5976147917142061,8,0,2,1,45,0,0.8444444444444444,Активный,Пермь,Приволжский,Электроника,Аудио,Sony,5.0,211,14.0,2.7,46.4,0.89,2.7,55,159,67,0.85
566,219dc5b9fb0c268d,72.17,76.95,61.0,0.6818488375041201,0.5495233386577418,0.5746209528155979,4,4,4,1,19,0,0.9473684210526316,Активный,Новосибирск,Сибирский,Электроника,Смартфоны и телефоны,Realme,,247,4.3,0.4,62.3,0.66,2.7,407,184,100,0.83
567,463e2a2a04d4791e,72.17,76.95,61.0,0.6818488375041201,0.5495233386577418,0.5746209528155979,4,4,4,1,19,0,0.9473684210526316,Активный,Новосибирск,Сибирский,Электроника,Смартфоны и телефоны,Realme,,247,4.3,0.4,62.3,0.66,2.7,407,184,100,0.83
578,9efbefd2045272ca,72.11,74.61,66.26,0.8127836515301338,0.4772882279861059,0.6477897365685453,6,3,1,1,47,1,0.9574468085106383,Уходящий,Москва,Центральный,Электроника,Ноутбуки,Apple,4.9,278,17.3,4.9,65.4,0.79,1.7,87,208,137,0.92
584,3755f7c8eaac2b48,72.08,70.8,75.06,0.844509520549682,0.6576753885550569,0.7182696939732766,7,3,1,2,46,0,0.8478260869565217,Активный,Самара,Приволжский,Электроника,Смартфоны и телефоны,Huawei,5.0,128,24.0,10.7,45.6,1.0,1.7,1632,95,47,0.99
589,a5d5d3370e25c3d2,72.08,70.8,75.06,0.844509520549682,0.6576753885550569,0.7182696939732766,7,3,1,2,46,0,0.8478260869565217,Активный,Самара,Приволжский,Электроника,Смартфоны и телефоны,Huawei,5.0,128,24.0,10.7,45.6,1.0,1.7,1632,95,47,0.99
609,9db0b8d985d99e96,71.98,78.23,57.39,0.557698841307269,0.5118639233285159,0.6574624122106437,4,5,4,1,20,1,1.0,Спящий,Красноярск,Сибирский,Электроника,Ноутбуки,Apple,4.8,261,53.2,4.3,10.1,0.57,6.3,28,195,114,0.76
610,84ee01b03a40650a,71.98,78.23,57.39,0.557698841307269,0.5118639233285159,0.6574624122106437,4,5,4,1,20,1,1.0,Спящий,Красноярск,Сибирский,Электроника,Ноутбуки,Apple,4.8,261,53.2,4.3,10.1,0.57,6.3,28,195,114,0.76
623,f06ff52e227b5a73,71.92,75.28,64.07,0.7236758702872645,0.6286370781673892,0.5422434775994524,5,5,4,1,19,0,1.0,Спящий,Ростов-на-Дону,Южный,Электроника,Смартфоны и телефоны,Google Pixel,5.0,193,37.9,1.8,50.0,0.79,4.6,249,145,137,0.68
624,dd5306209f19dc9a,71.91,72.84,69.73,0.7238964529296925,0.6629769782713419,0.6962849572779595,5,2,4,2,20,0,0.9,Новичок,Казань,Приволжский,Электроника,Игровые приставки,Microsoft,4.9,125,14.3,5.6,36.2,0.54,3.0,588,96,69,0.85
625,fab138b5fb64695c,71.91,72.84,69.73,0.7238964529296925,0.6629769782713419,0.6962849572779595,5,2,4,2,20,0,0.9,Новичок,Казань,Приволжский,Электроника,Игровые приставки,Microsoft,4.9,125,14.3,5.6,36.2,0.54,3.0,588,96,69,0.85
634,68edb038d31918a4,71.88,72.37,70.74,0.591169088004868,0.8206992723308233,0.7489154686747295,4,4,4,1,19,1,0.9473684210526316,Постоянный клиент,Пермь,Приволжский,Электроника,Ноутбуки,Apple,5.0,120,70.0,11.3,26.3,0.92,5.4,331,91,80,0.93
635,9bea22bfa66a1615,71.87,72.58,70.19,0.863631753758779,0.5017824091681246,0.6865000887401433,6,4,0,1,22,6,0.7272727272727273,Постоянный клиент,Казань,Приволжский,Электроника,Ноутбуки,HP,4.9,89,10.9,8.0,45.1,0.78,3.7,304,63,28,0.8
645,466401e2fdfc9b88,71.83,75.54,63.19,0.629360310336959,0.571092264394919,0.696079587231561,3,4,4,2,19,0,0.8947368421052632,Постоянный клиент,Ростов-на-Дону,Южный,Электроника,Смартфоны и телефоны,Huawei,5.0,195,13.2,0.4,64.2,0.9,2.9,19,145,73,0.86
646,6a95ed6ac04c5175,71.82,73.05,68.93,0.6867903957810401,0.6879021830075303,0.6939865875611673,4,5,5,3,20,0,0.9,Постоянный клиент,Ростов-на-Дону,Южный,Электроника,Игровые приставки,Sony,4.7,135,5.7,2.4,22.0,1.0,5.9,148,99,84,0.66
649,288d65ad5fcf30c6,71.82,78.34,56.62,0.6034202986739687,0.4461676935168986,0.6365000887401434,4,4,3,1,21,3,0.9047619047619048,Постоянный клиент,Пермь,Приволжский,Электроника,Ноутбуки,HP,5.0,274,54.3,1.5,47.3,0.51,4.1,727,209,119,0.74
658,141c5a3c0f9d2996,71.77,75.76,62.45,0.7355391597576127,0.4095421008595117,0.6914536903222535,5,5,0,3,21,0,0.8571428571428571,Постоянный клиент,Пермь,Приволжский,Электроника,Игровые приставки,Sony,4.8,184,21.2,6.5,35.2,0.64,3.2,379,139,111,0.76
661,7c7e293ecbce64f9,71.76,72.33,70.42,0.7452625440531426,0.5907837022387871,0.7627621003524252,6,4,2,1,21,3,0.9047619047619048,Активный,Новосибирск,Сибирский,Электроника,Ноутбуки,Acer,,168,23.3,5.1,73.2,0.71,3.5,892,126,59,0.99
666,09808fcca37cf054,71.73,76.4,60.82,0.5015314013336376,0.6739896300803732,0.6845737937679065,3,4,4,2,16,0,0.9375,Новичок,Челябинск,Уральский,Электроника,Смартфоны и телефоны,Huawei,4.7,177,21.4,4.9,43.5,0.64,8.1,269,134,91,0.77
671,154c46d2ea08dbe6,71.72,75.75,62.3,0.5675287137750058,0.7461924139854466,0.5736765041454325,4,1,4,1,15,0,0.9333333333333332,Новичок,Пермь,Приволжский,Электроника,Аудио,Apple,5.0,113,21.0,7.4,33.7,0.72,2.8,411,83,61,0.88
678,bf87c0dc605e69fa,71.67,75.89,61.82,0.8543672827768058,0.4861514667478006,0.4353547070307548,6,4,4,1,20,0,0.95,Спящий,Екатеринбург,Уральский,Электроника,Смартфоны и телефоны,Google Pixel,4.8,291,7.1,0.7,51.0,0.65,1.5,78,219,206,0.67
687,bdcafb5e92a2a7e2,71.64,73.41,67.53,0.7655383991278113,0.524345858370731,0.7058492431733475,5,3,2,3,20,3,0.95,Постоянный клиент,Санкт-Петербург,Северо-Западный,Электроника,Игровые приставки,Sony,4.9,206,14.7,7.8,18.7,0.77,1.4,123,153,63,0.8
701,bda77c764ec0a7dd,71.59,74.32,65.2,0.7587814710580362,0.5256370274587359,0.6360633604624629,7,1,3,1,18,0,0.8888888888888888,Новичок,Уфа,Приволжский,Электроника,Смартфоны и телефоны,Realme,5.0,95,18.3,1.7,41.7,0.82,4.8,199,72,52,0.85
703,919f253efa047c7a,71.58,72.28,69.95,0.7590806521132832,0.671104941558277,0.6483475317562942,7,3,3,2,20,0,0.95,Новичок,Краснодар,Южный,Электроника,Смартфоны и телефоны,Huawei,4.9,227,38.0,4.7,21.7,0.91,2.0,914,171,116,0.84
704,a8f978c0e61df67f,71.58,70.81,73.4,0.913686265561218,0.5694816307902943,0.6587928805050582,7,4,4,1,24,3,0.875,Постоянный клиент,Самара,Приволжский,Электроника,Ноутбуки,Acer,4.9,114,6.7,4.6,22.1,0.46,2.5,258,83,78,0.85
706,0b4f9235e2cf6ae7,71.56,69.91,75.4,0.8521462437564971,0.684081919829619,0.6931758829644279,7,4,4,1,22,2,0.9545454545454546,Активный,Новосибирск,Сибирский,Электроника,Смартфоны и телефоны,Apple,4.9,84,19.5,5.0,33.0,0.76,3.6,147,63,37,0.87
708,ad2ba888a610d518,71.55,73.66,66.62,0.7626251869881596,0.5919854973251186,0.6117954666463832,5,3,6,1,46,0,0.8913043478260869,Постоянный клиент,Владивосток,Дальневосточный,Электроника,Смартфоны и телефоны,Realme,5.0,229,21.5,0.8,56.4,0.66,2.9,285,172,96,0.86
715,c9d96247ed6f091c,71.47,75.61,61.83,0.4560229203113511,0.7003986967876067,0.7525405035369287,3,3,5,1,18,3,1.0,Активный,Нижний Новгород,Приволжский,Электроника,Ноутбуки,Acer,4.5,454,15.0,3.4,38.4,0.68,3.5,772,341,244,0.99
720,0ed879fb6fcf09ac,71.45,72.62,68.74,0.6743895945843158,0.6430123475571107,0.7492349331913492,6,1,3,2,14,0,0.8571428571428571,Спящий,Новосибирск,Сибирский,Электроника,Смартфоны и телефоны,Huawei,4.8,69,17.8,4.9,10.0,0.87,5.4,609,48,23,0.97
730,51d7724531d6c39a,71.43,73.79,65.9,0.7367510965746306,0.6123640374229862,0.601999822519713,8,1,5,1,48,0,0.9583333333333334,Новичок,Санкт-Петербург,Северо-Западный,Электроника,Смартфоны и телефоны,Google Pixel,5.0,240,,1.7,37.6,0.84,2.2,48,180,107,0.89
732,df0851dffb5fbf87,71.42,75.43,62.07,0.6101569432823712,0.5819603965416698,0.6733988742678938,5,0,3,1,16,0,0.9375,Уходящий,Пермь,Приволжский,Электроника,Смартфоны и телефоны,Google Pixel,5.0,64,20.4,1.4,58.2,0.91,4.7,302,48,28,0.96
737,ed85fadb7188b291,71.39,76.22,60.12,0.6685352805456252,0.4198809614360691,0.692881138916356,6,2,3,1,44,0,0.8636363636363636,Постоянный клиент,Краснодар,Южный,Электроника,Аудио,Apple,5.0,177,89.8,2.0,23.3,0.64,3.4,177,135,126,0.99
738,798f5bf8e3d8091a,71.39,77.54,57.04,0.6371263406100252,0.3804600542582592,0.6714668745721457,5,1,2,1,45,0,0.8666666666666667,Постоянный клиент,Екатеринбург,Уральский,Электроника,Аудио,Sony,4.9,235,18.5,2.4,46.5,0.49,4.0,436,180,89,0.91
739,0aed95bd56703633,71.39,79.65,52.13,0.6198042645977536,0.4840711442407647,0.427060672903831,3,5,3,0,17,0,0.9411764705882352,Активный,Екатеринбург,Уральский,Электроника,Аудио,JBL,5.0,180,16.8,1.9,72.2,0.73,2.0,33,134,71,0.87
751,50743d77a9e5a008,71.35,73.83,65.57,0.4673918004107401,0.8949994929134657,0.6674558200856977,3,3,5,1,17,0,1.0,Новичок,Владивосток,Дальневосточный,Электроника,Аудио,Sony,5.0,160,72.4,12.5,49.7,1.0,4.7,108,120,48,0.92
754,82ff9e0b8d3ca134,71.35,73.83,65.57,0.4673918004107401,0.8949994929134657,0.6674558200856977,3,3,5,1,17,0,1.0,Новичок,Владивосток,Дальневосточный,Электроника,Аудио,Sony,5.0,160,72.4,12.5,49.7,1.0,4.7,108,120,48,0.92
758,8fbc60ac2852a6ab,71.33,76.72,58.76,0.6443776780507594,0.5961651580842271,0.5034475545751883,4,4,3,0,18,2,0.9444444444444444,Спящий,Нижний Новгород,Приволжский,Электроника,Смартфоны и телефоны,Samsung,4.9,108,,2.9,35.9,1.0,5.6,101,78,57,0.74
760,8df76c743e21dc70,71.33,74.93,62.93,0.4893613245100276,0.661074769909485,0.7840134631474862,4,4,3,1,19,1,0.8947368421052632,Новичок,Челябинск,Уральский,Электроника,Ноутбуки,Apple,4.6,274,48.0,8.4,32.7,0.84,9.1,81,207,163,0.98
761,25487f6f580143a6,71.33,74.44,64.08,0.6547780228696027,0.521691894221749,0.7412451509850156,4,3,3,1,18,3,0.9444444444444444,Постоянный клиент,Санкт-Петербург,Северо-Западный,Электроника,Ноутбуки,HP,4.7,132,7.1,2.4,5.0,0.81,4.7,546,101,76,0.91
763,65344bd313a30087,71.31,75.97,60.45,0.4964047564716919,0.605387794427119,0.7478011460155677,3,1,4,3,14,0,0.9285714285714286,Активный,Краснодар,Южный,Электроника,Игровые приставки,Sony,4.9,74,8.2,0.5,44.4,0.84,5.0,435,60,31,0.88
767,c02be96c230f8185,71.3,77.47,56.9,0.5707030754798307,0.5547691488552522,0.5810355974747091,3,3,3,1,30,0,0.9666666666666668,Постоянный клиент,Екатеринбург,Уральский,Электроника,Аудио,Apple,4.9,367,15.4,3.3,13.5,0.87,3.0,169,272,254,0.81
773,b6cf023df491de1c,71.27,78.6,54.17,0.6430744656575645,0.3184788671686824,0.6297818260186101,5,1,2,1,45,0,0.9333333333333332,Уходящий,Красноярск,Сибирский,Электроника,Аудио,Apple,4.8,159,12.0,2.1,20.4,0.6,2.2,201,118,95,0.95
781,5ab5fc0ae6ee3c1c,71.23,78.88,53.36,0.5538627316751604,0.5275468421186075,0.5125630688877058,3,5,1,0,16,0,0.9375,Активный,Ростов-на-Дону,Южный,Электроника,Аудио,JBL,5.0,162,29.5,6.4,36.7,0.82,9.0,366,121,100,0.85
785,bb921618c1f7141e,71.23,78.88,53.36,0.5538627316751604,0.5275468421186075,0.5125630688877058,3,5,1,0,16,0,0.9375,Активный,Ростов-на-Дону,Южный,Электроника,Аудио,JBL,5.0,162,29.5,6.4,36.7,0.82,9.0,366,121,100,0.85
787,f508f4cc334d7148,71.22,75.41,61.45,0.7382571435815523,0.3653805684440049,0.6987614411399306,7,0,2,1,48,3,0.9166666666666666,Уходящий,Казань,Приволжский,Электроника,Ноутбуки,HP,5.0,210,12.9,2.4,36.6,0.7,2.0,51,157,124,0.97
792,67efa668b11dfab6,71.19,73.85,64.98,0.8028523617555337,0.6399001039527396,0.455748459724652,7,3,3,0,21,3,0.8095238095238095,Активный,Красноярск,Сибирский,Электроника,Аудио,JBL,5.0,222,31.8,9.0,50.6,0.51,3.3,624,165,129,0.67
800,84f14091327a8919,71.15,78.46,54.09,0.5020080626758957,0.324272330823255,0.8094115260769251,2,2,1,2,15,3,1.0,Премиум,Омск,Сибирский,Электроника,Игровые приставки,Microsoft,4.9,99,3.9,3.0,35.1,0.67,3.3,115,73,56,0.99
801,9627dd43764e412a,71.15,71.39,70.6,0.6387464820871682,0.6950368905453717,0.8064926092137623,5,3,4,2,19,0,0.8421052631578947,Уходящий,Владивосток,Дальневосточный,Электроника,Смартфоны и телефоны,Huawei,4.5,278,16.7,7.9,54.5,0.64,10.3,63,207,127,0.93
807,5a70dd4d85d32d3e,71.1,77.74,55.6,0.4574174082807231,0.561185061230699,0.6824110696990442,3,2,1,2,14,0,1.0,Премиум,Нижний Новгород,Приволжский,Электроника,Игровые приставки,Nintendo,4.7,171,17.4,7.0,61.0,0.91,6.0,101,127,66,0.83
809,0bce8a59fbfc01b3,71.1,76.52,58.45,0.6211404376156792,0.4666774422555209,0.6534063537942749,4,4,4,1,21,3,0.8571428571428571,Постоянный клиент,Омск,Сибирский,Электроника,Аудио,Apple,4.7,180,17.9,3.0,5.0,0.36,3.8,175,135,86,0.78
814,0401780e5ada0e16,71.08,79.73,50.9,0.7348621992342994,0.275618011713699,0.4412147257929565,6,3,2,0,18,0,0.9444444444444444,Активный,Нижний Новгород,Приволжский,Электроника,Аудио,Sennheiser,4.7,303,21.3,0.6,64.1,0.49,4.1,93,231,204,0.77
818,565f9998f8d9e3f5,71.07,77.77,55.44,0.5700945716386501,0.5319280697751072,0.5560381329073807,4,2,3,0,44,0,0.9772727272727272,Активный,Омск,Сибирский,Электроника,Аудио,JBL,5.0,340,35.8,1.1,61.4,0.85,6.6,162,257,192,0.88
820,7d0c178fc2e1efef,71.07,75.06,61.76,0.662358966557643,0.483340939631348,0.6921921350878528,5,4,2,1,22,2,0.9090909090909092,Новичок,Пермь,Приволжский,Электроника,Смартфоны и телефоны,Apple,4.7,184,25.2,6.5,5.0,0.68,6.0,290,135,77,0.81
821,9a75723f072aed92,71.07,77.77,55.44,0.5700945716386501,0.5319280697751072,0.5560381329073807,4,2,3,0,44,0,0.9772727272727272,Активный,Омск,Сибирский,Электроника,Аудио,JBL,5.0,340,35.8,1.1,61.4,0.85,6.6,162,257,192,0.88
836,6de154e46a5eaa3e,71.01,74.63,62.56,0.7542988260946731,0.4630390963717958,0.6166051824243807,6,3,3,1,29,0,0.896551724137931,Активный,Нижний Новгород,Приволжский,Электроника,Аудио,Apple,4.5,224,4.1,0.9,20.6,0.78,5.9,534,170,100,0.78
839,b6f33eab35490da5,71.0,73.98,64.06,0.7471032681727138,0.4109613092974316,0.7281128774625389,7,2,3,1,46,3,0.8695652173913043,Постоянный клиент,Ростов-на-Дону,Южный,Электроника,Аудио,Apple,4.9,210,26.4,2.7,47.8,0.46,3.8,40,159,127,0.89
841,c1e79bd3b33242c5,71.0,75.46,60.57,0.7557617707461779,0.2654952967723942,0.7459357014274486,6,2,0,1,50,3,0.9,Активный,Воронеж,Центральный,Электроника,Ноутбуки,ASUS,4.8,199,14.7,2.0,5.0,0.79,2.8,224,147,83,0.99
844,4ae7cf7634c45450,70.99,77.86,54.98,0.5721482721026343,0.6293489008899368,0.4404769148855252,5,0,4,0,15,0,0.9333333333333332,Активный,Казань,Приволжский,Электроника,Аудио,JBL,4.8,124,16.7,7.6,16.1,0.61,2.9,127,91,68,0.87
865,03205cb70c4eba98,70.9,79.43,51.01,0.7130777617200376,0.2104187267057123,0.5390260135392105,6,1,0,0,18,3,0.7222222222222222,Спящий,Нижний Новгород,Приволжский,Электроника,Аудио,JBL,5.0,84,21.5,2.1,12.1,0.7,7.1,98,62,49,0.76
866,59793fce0342a70e,70.9,71.8,68.79,0.7549402905605842,0.4977751578306837,0.788588651403362,6,3,4,3,22,0,0.9090909090909092,Новичок,Москва,Центральный,Электроника,Игровые приставки,Sony,4.7,211,16.9,0.1,11.5,0.71,2.3,845,159,107,0.99
867,e948f3679c27e5af,70.9,79.43,51.01,0.7130777617200376,0.2104187267057123,0.5390260135392105,6,1,0,0,18,3,0.7222222222222222,Спящий,Нижний Новгород,Приволжский,Электроника,Аудио,JBL,5.0,84,21.5,2.1,12.1,0.7,7.1,98,62,49,0.76
869,88f5bfd6408ea193,70.9,79.43,51.01,0.7130777617200376,0.2104187267057123,0.5390260135392105,6,1,0,0,18,3,0.7222222222222222,Спящий,Нижний Новгород,Приволжский,Электроника,Аудио,JBL,5.0,84,21.5,2.1,12.1,0.7,7.1,98,62,49,0.76
871,d72c367b8f6a06f6,70.88,76.94,56.72,0.351565629674704,0.6337764001926928,0.7881671357217109,3,0,5,1,47,3,0.8936170212765957,Активный,Омск,Сибирский,Электроника,Ноутбуки,HP,4.9,179,26.2,3.4,5.0,0.71,4.4,286,138,90,0.99
882,bc54b8255dc230c1,70.83,74.77,61.62,0.5422859460967013,0.595334170026115,0.7356323369082934,4,2,5,3,18,0,0.8888888888888888,Премиум,Владивосток,Дальневосточный,Электроника,Игровые приставки,Sony,5.0,164,53.3,3.2,18.0,0.58,3.1,352,123,54,0.85
