rank,user_id,final_score,behavior_score,style_score,score_professionalism,score_charisma,score_expertise,kw_professional_count,kw_logistics_count,kw_charisma_count,kw_expertise_count,text_word_count,text_digit_count,text_unique_ratio,user_segment_marketing,user_city,user_region,ad_category_1,ad_category_2,ad_category_3,rating_seller,reviews_count,response_time_minutes,comments_per_ad_avg,comment_length_avg,comment_sentiment_avg,questions_per_ad_avg,followers_count,total_ads_last_12m,total_deals_last_12m,deal_success_rate,shortlist_position,outreach_tier,pilot_segment,is_fallback
1,baffd690cbc60a62,86.25,89.93,77.66,0.8130802971527091,0.7023585862427424,0.8022020232752719,5,4,6,1,49,4,0.8367346938775511,Премиум,Ростов-на-Дону,Южный,Авто,Автомобили,Hyundai,5.0,177,14.7,3.2,54.5,0.67,5.2,337,134,93,0.96,1,T1_priority,Авто,1
6,955fcc920072c400,83.23,86.04,76.69,0.8741614056438732,0.5392465961816384,0.8515478816460029,7,3,2,3,22,3,0.8181818181818182,Новичок,Санкт-Петербург,Северо-Западный,Авто,Запчасти,Hyundai/Kia,5.0,198,17.1,5.6,12.5,1.0,5.3,69,148,67,0.83,2,T1_priority,Авто,1
9,3de9c5e2962d0bbb,82.14,85.62,74.03,0.8413047336527979,0.6142472300398062,0.731587054080779,6,3,4,3,22,0,0.9545454545454546,Новичок,Уфа,Приволжский,Авто,Запчасти,Hyundai/Kia,5.0,346,17.4,4.5,25.9,0.73,5.0,54,260,169,0.76,3,T1_priority,Авто,1
16,968b63553568b88b,80.66,85.9,68.42,0.7557617707461779,0.5287562435029538,0.7441970284729089,4,4,3,2,19,0,1.0,Постоянный клиент,Челябинск,Уральский,Авто,Шины и диски,Michelin,5.0,462,8.6,0.6,51.3,0.83,5.5,433,349,254,0.85,4,T1_priority,Авто,1
19,410b5c0265ae8eed,80.47,82.52,75.7,0.8290433812530109,0.6693757764762557,0.7485807915620801,6,3,3,2,45,0,0.8,Премиум,Самара,Приволжский,Авто,Запчасти,Toyota,4.8,220,8.7,8.1,32.0,0.88,2.7,77,166,83,0.96,5,T1_priority,Авто,1
21,fa269c3a4469c07d,80.37,84.33,71.12,0.6340762151061079,0.6897549504322913,0.8354028802515149,4,2,4,2,50,0,0.78,Постоянный клиент,Уфа,Приволжский,Авто,Шины и диски,Michelin,4.8,510,9.5,8.5,13.2,0.63,6.6,591,381,295,0.99,6,T1_priority,Авто,1
30,c993f0670d2ab51b,79.71,83.33,71.25,0.8236150199031466,0.5221514413934738,0.7548002079054792,6,2,3,3,31,0,0.935483870967742,Новичок,Казань,Приволжский,Авто,Шины и диски,Nokian,5.0,482,12.2,2.2,31.4,0.74,3.5,508,362,157,0.84,7,T1_priority,Авто,1
40,2c91e512a1cf17d2,79.36,84.04,68.44,0.7046753378464035,0.5956897644583048,0.7461144494307953,4,2,5,1,46,4,0.8913043478260869,Новичок,Нижний Новгород,Приволжский,Авто,Автомобили,BMW,5.0,332,5.8,1.2,34.2,0.78,2.4,171,249,160,0.99,8,T1_priority,Авто,1
52,79c6fd581c1ca62b,78.72,83.47,67.66,0.7637864151517457,0.7218028194011308,0.5151650566669203,4,5,3,0,21,7,0.9047619047619048,Постоянный клиент,Новосибирск,Сибирский,Авто,Автомобили,Volkswagen,5.0,534,8.7,7.2,52.1,0.96,2.8,83,399,301,0.78,9,T1_priority,Авто,1
61,2fc4b876822f2b07,78.36,81.88,70.16,0.7423341193174615,0.6907691235009255,0.6581140184072412,4,4,4,2,17,0,0.9411764705882352,Активный,Ростов-на-Дону,Южный,Авто,Шины и диски,Michelin,4.9,219,3.9,2.9,32.3,0.83,6.8,1073,162,69,0.71,10,T1_priority,Авто,1
70,ee11d9e24948f2f3,77.87,84.39,62.65,0.7311807509951573,0.3847614157856038,0.7287511726376106,7,0,2,2,45,0,0.8888888888888888,Новичок,Омск,Сибирский,Авто,Шины и диски,Michelin,5.0,294,14.3,1.4,64.0,0.65,2.3,227,225,147,0.95,11,T1_priority,Авто,1
71,b0c1934b35a436f0,77.87,84.39,62.65,0.7311807509951573,0.3847614157856038,0.7287511726376106,7,0,2,2,45,0,0.8888888888888888,Новичок,Омск,Сибирский,Авто,Шины и диски,Michelin,5.0,294,14.3,1.4,64.0,0.65,2.3,227,225,147,0.95,12,T1_priority,Авто,1
74,fe77baa4a6bfaa49,77.83,81.1,70.18,0.728749271063107,0.6405580487310158,0.7272400547653457,6,3,3,2,20,0,0.95,Активный,Самара,Приволжский,Авто,Шины и диски,Bridgestone,4.9,276,37.4,3.7,49.4,1.0,15.8,61,209,169,0.79,13,T1_priority,Авто,1
75,0af8986c55129d25,77.8,80.79,70.81,0.7251261377754115,0.6591243883268679,0.7345351284196647,5,5,3,1,21,4,0.8571428571428571,Премиум,Пермь,Приволжский,Авто,Автомобили,Hyundai,,182,16.2,7.9,45.3,0.64,9.5,504,134,107,0.81,14,T1_priority,Авто,1
85,2ef3f1c44ffd9dcd,77.55,82.02,67.14,0.8197408787809639,0.587946553079283,0.5569020815902234,8,3,3,0,23,4,0.8260869565217391,Активный,Санкт-Петербург,Северо-Западный,Авто,Автомобили,Lada,5.0,268,30.3,1.4,58.1,0.88,3.9,503,198,153,0.8,15,T1_priority,Авто,1
89,0838e7052f0b8ffb,77.43,79.04,73.67,0.7409700565401486,0.8255210314140107,0.6422269972870869,5,3,5,2,17,0,0.8823529411764706,Спящий,Омск,Сибирский,Авто,Запчасти,BMW,4.7,170,7.4,5.9,40.8,1.0,3.2,92,125,110,0.78,16,T1_priority,Авто,1
90,226ca819a6295af1,77.41,83.11,64.1,0.8682665246824373,0.2992349331913491,0.6796728024137318,7,3,2,2,21,0,0.8095238095238095,Активный,Челябинск,Уральский,Авто,Шины и диски,Continental,4.9,197,12.5,3.3,15.9,0.3,5.4,123,148,63,0.74,17,T1_priority,Авто,1
93,a9a61f7bc03cf1cf,77.28,82.87,64.23,0.5943840166324383,0.524590527623539,0.8238825080499987,5,1,3,1,47,7,0.7446808510638298,Спящий,Челябинск,Уральский,Авто,Автомобили,BMW,5.0,241,34.6,3.1,10.8,0.81,9.2,182,181,75,0.95,18,T1_priority,Авто,1
99,f5c1aaa9b45c7b8e,77.25,82.31,65.44,0.5269922162216982,0.6185092923607414,0.8601461676935169,3,3,3,3,20,0,0.8,Новичок,Владивосток,Дальневосточный,Авто,Шины и диски,Nokian,4.6,245,4.1,6.1,76.2,0.57,5.2,269,185,93,0.99,19,T1_priority,Авто,1
104,35ccc264280e639a,77.18,79.23,72.37,0.6613904312770975,0.7675109657463046,0.762959230242641,5,2,7,3,49,0,0.8979591836734694,Премиум,Самара,Приволжский,Авто,Запчасти,Hyundai/Kia,4.9,142,24.8,5.5,53.8,0.59,2.6,1510,108,74,0.9,20,T1_priority,Авто,1
105,78f7bfb2d0b91caa,77.13,82.68,64.17,0.5759717045713851,0.5141603914708045,0.8570326563728101,4,4,3,3,32,0,0.9375,Активный,Нижний Новгород,Приволжский,Авто,Шины и диски,Nokian,,334,24.9,0.8,56.2,0.76,4.6,449,247,197,0.99,21,T1_priority,Авто,1
107,6ce34662c02086fc,77.09,84.71,59.3,0.5289470348114906,0.4404179660759109,0.8309538297710505,3,4,1,1,30,7,0.9,Спящий,Челябинск,Уральский,Авто,Автомобили,Hyundai,,310,15.5,3.5,19.9,0.85,6.3,610,233,117,0.99,22,T1_priority,Авто,1
120,9ec6f2700576525c,76.75,78.8,71.95,0.7054866763013108,0.6487183387845135,0.809081285971451,5,4,3,2,21,0,0.8571428571428571,Новичок,Краснодар,Южный,Авто,Шины и диски,Continental,4.8,99,,3.6,21.6,1.0,7.0,545,77,38,0.94,23,T1_priority,Авто,1
122,ed6a3983edd34666,76.73,79.95,69.22,0.598899622220532,0.6886285844679396,0.8203018432595524,6,1,3,3,17,0,0.8235294117647058,Премиум,Екатеринбург,Уральский,Авто,Запчасти,Hyundai/Kia,5.0,134,106.9,12.3,33.4,0.86,3.8,90,98,87,0.99,24,T1_priority,Авто,1
123,a9f0b3b7dff1b4eb,76.73,79.95,69.22,0.598899622220532,0.6886285844679396,0.8203018432595524,6,1,3,3,17,0,0.8235294117647058,Премиум,Екатеринбург,Уральский,Авто,Запчасти,Hyundai/Kia,5.0,134,106.9,12.3,33.4,0.86,3.8,90,98,87,0.99,25,T1_priority,Авто,1
128,06f31e3e8ccbd2bf,76.52,81.96,63.83,0.6040288025151492,0.6822202783905074,0.6401650566669203,3,2,4,2,32,3,1.0,Новичок,Самара,Приволжский,Авто,Шины и диски,Michelin,5.0,532,4.6,2.2,56.7,0.77,2.2,1344,398,300,0.66,26,T1_priority,Авто,1
131,afb6fad76a6f1eae,76.49,77.14,74.96,0.8994878426003399,0.4867916634973758,0.8127120255571614,6,3,1,3,48,0,0.8333333333333334,Премиум,Уфа,Приволжский,Авто,Запчасти,Hyundai/Kia,5.0,243,4.4,11.7,27.7,0.76,2.8,134,182,94,0.99,27,T1_priority,Авто,1
136,d6a9425c48022430,76.38,79.24,69.69,0.734900230724373,0.6546398417890014,0.6883401790015466,5,3,3,2,31,0,0.935483870967742,Новичок,Челябинск,Уральский,Авто,Запчасти,Toyota,4.7,530,8.8,9.5,34.9,0.65,3.9,548,398,168,0.79,28,T1_priority,Авто,1
137,a7b5597d0d2ae0f6,76.35,78.96,70.26,0.8392256788620979,0.6590121954311503,0.5641128521082123,6,4,4,1,24,0,0.8333333333333334,Активный,Ростов-на-Дону,Южный,Авто,Запчасти,Mercedes-Benz,4.9,530,15.7,3.1,5.0,0.92,3.5,298,398,363,0.76,29,T1_priority,Авто,1
150,6fe7cac949cc2516,76.16,79.27,68.89,0.7174615248092088,0.5911621155650212,0.7484755711062092,5,2,5,3,19,0,0.9473684210526316,Активный,Нижний Новгород,Приволжский,Авто,Запчасти,Hyundai/Kia,4.8,245,10.4,0.4,5.0,0.93,4.9,273,183,148,0.8,30,T1_priority,Авто,1
161,bc14f37cdcbf3ad9,75.99,81.24,63.73,0.8344869551989047,0.3448327882153089,0.666922111508329,8,4,2,0,22,4,0.8181818181818182,Премиум,Челябинск,Уральский,Авто,Автомобили,Volkswagen,4.7,212,13.5,2.3,51.7,0.58,4.2,60,160,93,0.99,31,T1_priority,Авто,1
162,003cc679c4868c3c,75.98,77.26,72.99,0.7392028599680536,0.6682582845262545,0.7792817119241399,5,4,4,1,18,4,0.9444444444444444,Уходящий,Омск,Сибирский,Авто,Автомобили,Hyundai,5.0,103,28.7,1.0,64.1,1.0,4.5,211,78,51,0.97,32,T1_priority,Авто,1
164,8f1863fd7feca639,75.96,80.99,64.22,0.5357952384574427,0.6344039197789103,0.7918162571942902,3,1,2,2,50,0,0.72,Активный,Владивосток,Дальневосточный,Авто,Шины и диски,Bridgestone,5.0,429,5.4,4.5,54.3,0.99,5.2,358,323,220,0.92,33,T1_priority,Авто,1
171,ba0ca958885f0bc6,75.87,76.68,73.97,0.6663497375827185,0.7545694835323647,0.8227846657032022,4,2,4,2,47,3,0.8723404255319149,Постоянный клиент,Челябинск,Уральский,Авто,Шины и диски,Michelin,4.9,117,8.2,4.3,39.0,0.89,3.8,330,86,67,0.89,34,T1_priority,Авто,1
177,e028d398d6e3eb75,75.74,71.83,84.86,0.9306483101341244,0.76015123855886,0.8275658578636444,7,4,4,3,23,0,0.9565217391304348,Постоянный клиент,Самара,Приволжский,Авто,Шины и диски,Nokian,5.0,109,9.5,8.5,6.8,0.85,4.1,328,82,55,0.95,35,T1_priority,Авто,1
182,61848e7663496962,75.67,78.95,68.03,0.655883471514414,0.5319065185973987,0.8611463958824574,4,5,2,3,24,0,0.7083333333333334,Активный,Санкт-Петербург,Северо-Западный,Авто,Шины и диски,Nokian,4.7,332,12.6,3.7,28.6,0.88,6.1,342,250,204,0.97,36,T1_priority,Авто,1
183,b2efdab98560ea7e,75.66,78.15,69.85,0.6181942648512969,0.8202891660961944,0.6838993686772648,4,2,4,1,15,0,0.8666666666666667,Новичок,Челябинск,Уральский,Авто,Запчасти,VAG,4.8,86,12.7,7.1,40.2,0.89,6.6,377,63,54,0.98,37,T1_priority,Авто,1
200,f60d30d86e1e2c2c,75.42,78.75,67.65,0.5800588220379808,0.718768540351411,0.7629123247382166,3,2,4,2,15,0,1.0,Спящий,Владивосток,Дальневосточный,Авто,Шины и диски,Bridgestone,5.0,102,10.7,5.5,63.1,0.63,5.4,351,75,52,0.96,38,T1_priority,Авто,1
203,10cebb7249916d4f,75.36,76.91,71.74,0.7426586546994245,0.6656265054131487,0.7355765573895184,6,3,3,2,21,0,0.9047619047619048,Новичок,Екатеринбург,Уральский,Авто,Шины и диски,Bridgestone,4.6,247,12.8,7.2,24.3,0.88,3.4,149,184,126,0.89,39,T1_priority,Авто,1
211,2702fb9ebbb66905,75.26,80.02,64.17,0.901394487969372,0.4531052711645242,0.483995715118785,6,4,1,0,20,4,0.85,Постоянный клиент,Нижний Новгород,Приволжский,Авто,Автомобили,Volkswagen,5.0,229,9.0,6.0,61.9,0.72,2.1,39,170,83,0.79,40,T1_priority,Авто,1
214,94fe18452403b943,75.24,81.69,60.2,0.7911919068989124,0.5065623336122309,0.4453126188484065,5,2,4,0,19,4,0.8421052631578947,Активный,Самара,Приволжский,Авто,Автомобили,Lada,5.0,205,6.1,2.8,27.1,0.31,2.4,306,152,109,0.7,41,T1_priority,Авто,1
221,031f647b954631a6,75.19,77.62,69.54,0.7245328465302604,0.5599395299307828,0.7919398595370299,4,5,4,3,20,3,1.0,Новичок,Ростов-на-Дону,Южный,Авто,Запчасти,Hyundai/Kia,5.0,161,16.6,1.4,5.0,0.82,3.4,404,120,79,0.8,42,T1_priority,Авто,1
236,44f023459dc2641c,74.96,79.23,65.02,0.6779772318146092,0.4794370071752745,0.7838702112015415,5,3,5,3,19,0,1.0,Уходящий,Новосибирск,Сибирский,Авто,Запчасти,Hyundai/Kia,4.8,249,25.0,2.0,20.5,0.5,4.3,92,187,100,0.87,43,T1_priority,Авто,1
240,d3196fe716ed8a8a,74.88,76.28,71.63,0.657283030349129,0.6903323952232449,0.8210808549478967,4,4,4,1,20,7,0.95,Новичок,Красноярск,Сибирский,Авто,Автомобили,Toyota,4.7,166,10.7,4.1,41.8,0.8,10.0,134,124,56,0.96,44,T1_priority,Авто,1
245,a0bc0b46d942cb1b,74.84,78.52,66.23,0.7033898734819097,0.5876353287188458,0.6822411957100479,6,2,4,2,19,0,0.8421052631578947,Активный,Красноярск,Сибирский,Авто,Запчасти,Toyota,4.9,242,30.2,1.0,11.4,0.87,3.5,1177,178,142,0.81,45,T1_priority,Авто,1
250,15cd793b78d6ed73,74.78,79.14,64.6,0.8072564083060776,0.4572006287873025,0.6198974417484344,9,2,2,2,25,0,0.72,Новичок,Воронеж,Центральный,Авто,Шины и диски,Bridgestone,5.0,268,,3.1,62.2,0.62,2.8,301,203,157,0.73,46,T1_priority,Авто,1
251,57e97d87063a4b76,74.78,79.14,64.6,0.8072564083060776,0.4572006287873025,0.6198974417484344,9,2,2,2,25,0,0.72,Новичок,Воронеж,Центральный,Авто,Шины и диски,Bridgestone,5.0,268,,3.1,62.2,0.62,2.8,301,203,157,0.73,47,T1_priority,Авто,1
253,dd7a69cf2c03e9d1,74.77,79.41,63.93,0.7051088968332446,0.5098222661697219,0.6811465226540909,4,3,3,1,47,4,0.9148936170212766,Активный,Казань,Приволжский,Авто,Автомобили,BMW,5.0,165,15.1,4.6,21.3,0.57,1.8,287,124,96,0.91,48,T1_priority,Авто,1
258,8db7522658c3402a,74.68,77.89,67.2,0.8170305012550392,0.4482619609036282,0.7021975862680966,5,4,2,2,20,0,0.85,Постоянный клиент,Самара,Приволжский,Авто,Запчасти,Toyota,5.0,149,13.9,4.1,36.2,0.69,3.9,112,111,100,0.82,49,T1_priority,Авто,1
262,a2455ce061f86eeb,74.65,79.98,62.21,0.5636799269795391,0.5462247407520092,0.7757308384675845,3,4,1,1,50,7,0.8,Спящий,Челябинск,Уральский,Авто,Автомобили,BMW,4.9,274,20.8,8.9,40.7,1.0,3.0,26,207,130,0.99,50,T1_priority,Авто,1
264,8174ef6d5648c3b8,74.64,77.26,68.53,0.7088207702644456,0.7011599604472504,0.6381259349407976,5,4,4,1,30,0,0.9,Новичок,Владивосток,Дальневосточный,Авто,Запчасти,VAG,5.0,533,41.1,4.4,29.1,0.88,6.2,133,397,285,0.81,51,T2_core,Авто,1
269,a69cbb5081012ba1,74.63,77.9,66.97,0.7372810020029917,0.4139226946578433,0.8354865495296773,5,6,1,3,20,0,0.95,Уходящий,Воронеж,Центральный,Авто,Запчасти,Hyundai/Kia,4.6,263,7.7,1.7,36.5,1.0,3.8,255,197,109,0.99,52,T2_core,Авто,1
273,f1f6b06d3a703d25,74.61,75.74,71.99,0.6965061737785554,0.7237810907431352,0.7473663193123906,5,3,4,2,20,0,0.85,Новичок,Воронеж,Центральный,Авто,Шины и диски,Continental,4.5,169,1.6,8.9,20.3,0.82,3.2,93,127,78,0.93,53,T2_core,Авто,1
274,889930ada3a2df69,74.6,76.39,70.42,0.7849471362287975,0.5179229735554371,0.7827267310666566,5,3,4,3,21,0,0.8571428571428571,Активный,Воронеж,Центральный,Авто,Шины и диски,Nokian,5.0,157,16.6,5.7,5.0,0.49,2.2,12,120,97,0.99,54,T2_core,Авто,1
275,4efa87f5ba11561a,74.6,77.52,67.8,0.8855835298293654,0.4119057579675971,0.66730749727441,9,4,1,2,25,0,0.8,Активный,Омск,Сибирский,Авто,Шины и диски,Bridgestone,5.0,171,22.5,7.8,22.2,0.72,2.3,48,129,114,0.84,55,T2_core,Авто,1
277,8f86801cf3cdcabf,74.56,76.86,69.21,0.9201769732004768,0.4369526634720215,0.6430364341674906,7,3,3,1,22,4,0.8181818181818182,Премиум,Краснодар,Южный,Авто,Автомобили,Toyota,5.0,124,7.7,1.8,50.6,0.58,3.6,146,93,72,0.74,56,T2_core,Авто,1
278,2b18f6873217ec6f,74.56,74.89,73.78,0.7797241449253315,0.5962735478309373,0.823293653812023,6,4,3,3,23,0,0.9130434782608696,Новичок,Омск,Сибирский,Авто,Шины и диски,Nokian,4.9,105,25.9,4.1,39.7,0.67,4.3,886,75,33,0.93,57,T2_core,Авто,1
281,c1d18fc7e69e4a45,74.54,77.24,68.22,0.5061027864405061,0.8347525417712532,0.7643657615172028,3,4,5,2,20,3,0.9,Спящий,Казань,Приволжский,Авто,Шины и диски,Continental,5.0,262,48.7,8.8,37.7,0.95,5.8,76,195,175,0.76,58,T2_core,Авто,1
292,05e5f25f5efb3351,74.38,75.98,70.67,0.73369590020537,0.650458913313557,0.7269313658375802,8,2,3,1,23,4,0.8260869565217391,Постоянный клиент,Самара,Приволжский,Авто,Автомобили,Toyota,5.0,151,53.5,5.6,37.7,0.85,2.3,122,115,72,0.97,59,T2_core,Авто,1
294,4e5fc6d69365bd6d,74.37,75.78,71.08,0.9142567379123248,0.5819787784285388,0.5682570168099186,8,4,3,1,22,0,0.7727272727272727,Активный,Омск,Сибирский,Авто,Запчасти,Mercedes-Benz,5.0,125,15.3,2.3,19.8,0.94,3.7,761,93,86,0.76,60,T2_core,Авто,1
299,55ee5ca65be79e18,74.35,75.96,70.6,0.9122207854770418,0.4129478207956188,0.7241113308486093,9,3,0,2,25,0,0.6,Постоянный клиент,Пермь,Приволжский,Авто,Запчасти,BMW,5.0,129,12.9,3.5,66.3,0.69,3.8,746,92,83,0.85,61,T2_core,Авто,1
301,e5ed148e71d3a0f9,74.35,79.99,61.2,0.5445247331457114,0.6373424862452777,0.6765453462133313,4,1,7,1,46,0,0.8043478260869565,Премиум,Новосибирск,Сибирский,Авто,Запчасти,VAG,4.8,199,14.2,2.8,18.3,0.71,5.3,360,148,98,0.88,62,T2_core,Авто,1
306,3630ec9ac1176cf3,74.32,77.64,66.56,0.5845997819527903,0.6906562967470399,0.7486498821023808,4,4,4,1,19,4,0.9473684210526316,Новичок,Челябинск,Уральский,Авто,Автомобили,Hyundai,4.7,171,,2.8,54.5,0.73,3.4,1633,126,82,0.94,63,T2_core,Авто,1
319,1e13133af1367918,74.21,74.5,73.53,0.8246951142212419,0.7328059633376436,0.618645571866839,5,4,3,1,21,3,0.9523809523809524,Уходящий,Санкт-Петербург,Северо-Западный,Авто,Запчасти,Mercedes-Benz,5.0,532,12.4,11.6,33.7,1.0,3.2,111,399,267,0.75,64,T2_core,Авто,1
323,96e4f3a473c0bcfe,74.17,77.0,67.56,0.5862351360259629,0.7233354884511042,0.7469695240992875,4,1,4,3,17,0,0.9411764705882352,Новичок,Ростов-на-Дону,Южный,Авто,Шины и диски,Nokian,4.8,143,4.7,5.8,24.4,1.0,3.5,27,109,92,0.86,65,T2_core,Авто,1
326,618e71f73d005ee4,74.14,75.83,70.2,0.7441773788697041,0.69485053624401,0.6527978499530944,6,4,4,1,22,4,0.8181818181818182,Активный,Новосибирск,Сибирский,Авто,Автомобили,Hyundai,4.7,272,23.6,5.7,46.1,0.68,2.6,155,203,92,0.81,66,T2_core,Авто,1
327,bc1bff6c23df8be3,74.14,78.42,64.15,0.6862427423239776,0.5034824167744225,0.7199937881899546,4,2,3,2,14,0,1.0,Активный,Нижний Новгород,Приволжский,Авто,Шины и диски,Bridgestone,5.0,92,10.2,5.6,31.5,0.44,3.6,151,71,45,0.98,67,T2_core,Авто,1
328,144e5adf3c5277b4,74.14,78.42,64.15,0.6862427423239776,0.5034824167744225,0.7199937881899546,4,2,3,2,14,0,1.0,Активный,Нижний Новгород,Приволжский,Авто,Шины и диски,Bridgestone,5.0,92,10.2,5.6,31.5,0.44,3.6,151,71,45,0.98,68,T2_core,Авто,1
346,a1bc93c5c86d53ee,73.96,75.39,70.63,0.8667300524834564,0.6071011130549429,0.5914803123653052,7,6,4,1,49,0,0.8367346938775511,Активный,Ростов-на-Дону,Южный,Авто,Запчасти,Mercedes-Benz,4.8,228,13.6,4.9,55.6,0.36,2.1,132,169,139,0.88,69,T2_core,Авто,1
347,1c1a2e2d5c49763e,73.96,75.39,70.63,0.8667300524834564,0.6071011130549429,0.5914803123653052,7,6,4,1,49,0,0.8367346938775511,Активный,Ростов-на-Дону,Южный,Авто,Запчасти,Mercedes-Benz,4.8,228,13.6,4.9,55.6,0.36,2.1,132,169,139,0.88,70,T2_core,Авто,1
349,77efc230c7edf8ee,73.95,79.46,61.08,0.660023833067113,0.5573971248193504,0.5985110671636116,5,3,3,0,19,4,0.8947368421052632,Активный,Екатеринбург,Уральский,Авто,Автомобили,Volkswagen,4.6,318,17.3,4.7,20.8,0.7,4.4,244,239,210,0.86,71,T2_core,Авто,1
350,6f9476f04636a199,73.94,79.32,61.39,0.6008113384549074,0.6234381734743033,0.6217787327907507,7,0,4,0,45,4,0.8444444444444444,Активный,Красноярск,Сибирский,Авто,Автомобили,Volkswagen,,317,23.4,4.5,42.2,0.49,3.5,347,238,96,0.92,72,T2_core,Авто,1
354,00acbcda6592e7ad,73.86,75.36,70.35,0.5698283512081338,0.7266099997464567,0.8585488451104182,5,2,4,3,47,0,0.851063829787234,Премиум,Краснодар,Южный,Авто,Запчасти,Hyundai/Kia,4.9,280,293.6,8.4,23.1,0.77,4.6,177,209,95,0.99,73,T2_core,Авто,1
356,1fd68cb945eae35b,73.86,79.64,60.35,0.6818792626961792,0.2985934687254379,0.8038576608098172,4,5,1,2,21,3,0.8571428571428571,Активный,Омск,Сибирский,Авто,Запчасти,BMW,5.0,134,,1.0,35.6,0.82,2.5,106,103,63,0.95,74,T2_core,Авто,1
358,56cd0b763a740cf4,73.85,76.75,67.07,0.6352906873557973,0.5142497654724779,0.8744910118911793,4,3,3,3,20,3,0.95,Новичок,Самара,Приволжский,Авто,Шины и диски,Nokian,4.9,182,24.3,4.4,6.2,0.63,7.2,351,135,94,0.85,75,T2_core,Авто,1
363,ab900f395fb0d24f,73.8,77.91,64.21,0.4949189929261429,0.700097614157856,0.7804385030805507,4,3,4,3,31,0,0.967741935483871,Активный,Санкт-Петербург,Северо-Западный,Авто,Шины и диски,Nokian,,297,55.5,4.2,28.6,0.87,5.8,174,224,122,0.82,76,T2_core,Авто,1
371,fae3b36d1ec4a1c8,73.68,76.73,66.55,0.6084353844983647,0.7020124996830709,0.7051317157272888,5,0,4,1,44,4,0.8181818181818182,Постоянный клиент,Санкт-Петербург,Северо-Западный,Авто,Автомобили,Kia,5.0,274,20.8,3.0,21.9,0.97,2.1,526,205,106,0.93,77,T2_core,Авто,1
373,98aba61aa8a2bd06,73.67,78.94,61.39,0.5656017849446008,0.5637680332648766,0.7284811490580868,4,2,4,2,15,0,1.0,Активный,Екатеринбург,Уральский,Авто,Шины и диски,Bridgestone,5.0,123,37.9,1.4,47.1,0.74,3.8,139,91,67,0.94,78,T2_core,Авто,1
375,c11d4a6197b31a61,73.66,72.72,75.85,0.7968357800258614,0.6547507669683832,0.8110823762074999,6,4,4,1,22,4,0.8181818181818182,Активный,Воронеж,Центральный,Авто,Автомобили,Hyundai,5.0,62,29.5,1.4,33.0,1.0,5.0,382,48,25,0.99,79,T2_core,Авто,1
381,ceb7bf51532eb14f,73.61,75.07,70.2,0.6621535965112446,0.699846606323369,0.7572988768033265,4,4,5,3,47,0,0.8936170212765957,Активный,Челябинск,Уральский,Авто,Запчасти,Hyundai/Kia,4.9,256,22.1,3.5,52.4,0.6,1.6,916,193,142,0.99,80,T2_core,Авто,1
387,4ba74dd0f6c5e20c,73.57,75.99,67.9,0.737359600415811,0.6676453436778986,0.6126575137547222,6,1,7,2,50,0,0.88,Новичок,Уфа,Приволжский,Авто,Шины и диски,Bridgestone,5.0,197,16.2,2.3,38.1,0.81,1.0,155,147,107,0.86,81,T2_core,Авто,1
388,32c0bf465ce8b7ff,73.56,78.29,62.53,0.7608199589259907,0.4806033062042038,0.5893911158439188,5,4,2,2,20,0,0.85,Постоянный клиент,Владивосток,Дальневосточный,Авто,Шины и диски,Michelin,5.0,303,,5.0,49.7,0.61,2.6,162,226,196,0.69,82,T2_core,Авто,1
389,011a2737de3f33af,73.56,76.96,65.64,0.7101594787150427,0.460383864506478,0.7807091605182425,4,2,1,1,15,4,0.8666666666666667,Новичок,Нижний Новгород,Приволжский,Авто,Автомобили,Hyundai,5.0,51,3.3,5.1,29.6,0.97,6.4,32,40,30,0.99,83,T2_core,Авто,1
391,1f77d5493cc8448f,73.54,81.29,55.46,0.5827615932658909,0.2784906569306052,0.7932582845262545,4,2,1,1,16,4,0.9375,Активный,Пермь,Приволжский,Авто,Автомобили,BMW,4.7,201,13.1,3.4,17.2,0.6,6.1,117,152,130,0.99,84,T2_core,Авто,1
392,938259e84a15dccb,73.52,73.69,73.14,0.8024695114221243,0.7770093303922313,0.5908768793894678,6,3,4,2,20,0,0.85,Активный,Уфа,Приволжский,Авто,Запчасти,BMW,5.0,132,,8.1,57.7,0.67,3.1,476,98,82,0.63,85,T2_core,Авто,1
401,2b5aa0cd587ac7f6,73.46,76.11,67.27,0.5540249993661419,0.7939472883547578,0.7096967622524784,2,4,5,2,19,3,0.8947368421052632,Активный,Уфа,Приволжский,Авто,Запчасти,BMW,5.0,120,13.4,6.1,31.6,0.76,2.9,714,86,46,0.77,86,T2_core,Авто,1
404,1d9aada71dde8c49,73.45,79.11,60.24,0.5510103699196268,0.5149780685073908,0.7583060774321138,3,3,4,1,45,7,0.7777777777777778,Уходящий,Екатеринбург,Уральский,Авто,Автомобили,Toyota,5.0,91,,5.2,10.9,0.44,5.3,45,67,43,0.86,87,T2_core,Авто,1
406,cb5abd7ff95c2604,73.41,77.15,64.69,0.8470677721153115,0.4586141325017114,0.568297583732664,8,3,3,1,21,0,0.7619047619047619,Новичок,Новосибирск,Сибирский,Авто,Запчасти,Mercedes-Benz,4.9,126,19.3,2.9,29.5,0.61,3.1,168,95,54,0.79,88,T2_core,Авто,1
410,8ea5dc72829c595b,73.37,79.52,59.0,0.4487081970538272,0.6216018863619076,0.7467014020942674,3,0,5,1,49,4,0.7551020408163265,Уходящий,Казань,Приволжский,Авто,Автомобили,Toyota,5.0,160,14.2,3.5,16.1,0.67,2.4,212,118,51,0.99,89,T2_core,Авто,1
419,84001721e3694b6d,73.3,77.64,63.19,0.5369640729190437,0.7402252731928703,0.6502421338201363,5,1,3,1,17,4,0.9411764705882352,Премиум,Челябинск,Уральский,Авто,Автомобили,Hyundai,5.0,159,118.9,18.8,32.9,1.0,7.3,126,120,101,0.7,90,T2_core,Авто,1
438,9ddb5f90d0680e67,73.12,76.27,65.77,0.699406708754849,0.7020701807763494,0.5575891838442231,5,4,4,0,22,4,0.9545454545454546,Премиум,Воронеж,Центральный,Авто,Автомобили,Volkswagen,4.7,155,19.8,1.6,39.6,1.0,3.7,2402,119,92,0.81,91,T2_core,Авто,1
442,1364f10dc29f8423,73.07,75.67,67.0,0.8208742171851627,0.5251793818615147,0.613655840369159,7,1,2,1,47,3,0.8085106382978723,Премиум,Екатеринбург,Уральский,Авто,Запчасти,Mercedes-Benz,5.0,529,4.6,6.5,15.2,0.69,1.1,909,400,214,0.89,92,T2_core,Авто,1
448,8cf877e3783d1a81,72.97,75.71,66.56,0.7312061053218732,0.7138149387693009,0.5299466291422631,5,2,5,1,19,0,0.8947368421052632,Активный,Новосибирск,Сибирский,Авто,Запчасти,VAG,5.0,138,18.7,8.8,21.4,0.53,1.6,586,101,90,0.84,93,T2_core,Авто,1
449,1dce65c9ab12ddc4,72.97,75.71,66.56,0.7312061053218732,0.7138149387693009,0.5299466291422631,5,2,5,1,19,0,0.8947368421052632,Активный,Новосибирск,Сибирский,Авто,Запчасти,VAG,5.0,138,18.7,8.8,21.4,0.53,1.6,586,101,90,0.84,94,T2_core,Авто,1
469,0528b7e690c1baaf,72.84,72.32,74.06,0.6675667452650795,0.7848121244390356,0.7936164143911159,5,2,5,3,20,0,0.9,Активный,Краснодар,Южный,Авто,Запчасти,Hyundai/Kia,5.0,108,31.8,7.0,35.0,0.85,8.4,79,82,68,0.83,95,T2_core,Авто,1
473,dab52f7274b0b8c5,72.79,76.03,65.23,0.5111990061103928,0.799957531502751,0.6928703633275018,4,2,5,1,19,3,0.8947368421052632,Активный,Нижний Новгород,Приволжский,Авто,Запчасти,Mercedes-Benz,4.6,142,21.2,8.9,10.9,0.8,4.8,469,106,93,0.82,96,T2_core,Авто,1
477,c580979c0239a1f9,72.73,76.08,64.9,0.6520777870743641,0.4688680560837707,0.8250595826677822,5,4,3,2,19,0,0.8947368421052632,Уходящий,Пермь,Приволжский,Авто,Запчасти,Toyota,4.3,157,12.2,5.7,34.7,0.34,6.7,38,119,52,0.99,97,T2_core,Авто,1
480,23df8e267c898435,72.71,70.19,78.6,0.9132070687862884,0.6120249233031617,0.7904927613397228,6,5,2,3,22,0,0.8636363636363636,Новичок,Новосибирск,Сибирский,Авто,Шины и диски,Nokian,5.0,60,8.3,4.5,66.7,0.81,4.0,749,43,29,0.88,98,T2_core,Авто,1
489,611040bea6a48f85,72.65,78.21,59.67,0.8059329124515099,0.3525943814811997,0.5618804036408813,6,3,2,1,19,0,0.8421052631578947,Активный,Санкт-Петербург,Северо-Западный,Авто,Запчасти,Mercedes-Benz,4.8,300,13.4,2.5,15.3,0.58,2.1,536,227,152,0.85,99,T2_core,Авто,1
498,b45461ed6613c388,72.61,73.99,69.37,0.727177302806724,0.6063214675084303,0.736295352551913,5,3,4,3,21,0,0.8571428571428571,Новичок,Воронеж,Центральный,Авто,Шины и диски,Nokian,4.8,187,17.1,4.6,33.5,0.66,3.0,65,144,63,0.84,100,T2_core,Авто,1
504,46528d65e8b07dc3,72.54,81.77,50.99,0.6620699272330823,0.254776121295099,0.562054080778885,3,4,2,0,17,4,1.0,Новичок,Санкт-Петербург,Северо-Западный,Авто,Автомобили,Volkswagen,5.0,234,6.1,2.1,33.2,0.38,2.8,40,171,72,0.89,101,T2_core,Авто,1
510,7e69a1277b99a276,72.5,75.21,66.18,0.7561902588676758,0.5907038361096322,0.6071683020207399,4,6,3,3,22,0,0.7727272727272727,Новичок,Владивосток,Дальневосточный,Авто,Шины и диски,Nokian,4.9,245,1.5,4.3,42.3,0.64,1.1,644,185,87,0.78,102,T2_core,Авто,1
511,28ae8e59a2930bc9,72.49,72.67,72.06,0.78512715194848,0.6185384498364646,0.7366293958063943,5,3,4,3,22,3,0.9090909090909092,Новичок,Омск,Сибирский,Авто,Запчасти,Hyundai/Kia,4.8,207,3.8,2.9,5.5,0.88,1.9,154,156,76,0.8,103,T2_core,Авто,1
513,96706ad265fde526,72.49,74.32,68.23,0.507375573641642,0.7084917978753075,0.8893866788367435,3,2,4,3,21,3,0.9047619047619048,Постоянный клиент,Омск,Сибирский,Авто,Шины и диски,Nokian,5.0,86,,2.9,26.1,0.94,3.1,854,64,37,0.99,104,T2_core,Авто,1
529,7ecbb3abe70a6037,72.41,77.12,61.43,0.4239015237950356,0.6079961207880125,0.8743071930224893,3,1,4,3,15,3,1.0,Новичок,Уфа,Приволжский,Авто,Запчасти,Hyundai/Kia,5.0,75,27.4,3.7,39.8,0.69,5.7,78,58,45,0.94,105,T2_core,Авто,1
531,6bb75130e05b12a5,72.39,76.29,63.28,0.7555918967571817,0.4898620724626658,0.6121276083263609,7,0,3,3,16,0,0.9375,Постоянный клиент,Казань,Приволжский,Авто,Запчасти,Hyundai/Kia,5.0,112,9.4,5.8,24.2,0.52,3.4,89,84,63,0.58,106,T2_core,Авто,1
533,0ed0db4b956734e5,72.38,75.1,66.03,0.7422377728759414,0.5041606450140717,0.7071372429705128,5,5,3,1,20,4,0.85,Спящий,Нижний Новгород,Приволжский,Авто,Автомобили,Kia,4.8,175,19.6,5.8,34.9,0.53,3.8,58,130,71,0.84,107,T2_core,Авто,1
538,b5e725a03b38a1eb,72.35,74.8,66.63,0.681775309956644,0.5564856367739155,0.7555798534519916,4,5,5,3,21,0,0.8571428571428571,Новичок,Омск,Сибирский,Авто,Шины и диски,Nokian,4.8,270,14.1,1.8,26.6,0.65,4.6,205,202,112,0.81,108,T2_core,Авто,1
540,7d88d51d6292cc08,72.35,74.8,66.63,0.681775309956644,0.5564856367739155,0.7555798534519916,4,5,5,3,21,0,0.8571428571428571,Новичок,Омск,Сибирский,Авто,Шины и диски,Nokian,4.8,270,14.1,1.8,26.6,0.65,4.6,205,202,112,0.81,109,T2_core,Авто,1
542,e19c1df0dcbf6a88,72.34,72.56,71.83,0.69609796911843,0.7001083897467102,0.7661329580892979,5,2,4,2,20,3,0.95,Спящий,Екатеринбург,Уральский,Авто,Шины и диски,Continental,,136,7.7,4.7,40.8,0.78,1.4,140,101,90,0.99,110,T2_core,Авто,1
544,1a8e9e46c9db03f2,72.34,72.56,71.83,0.69609796911843,0.7001083897467102,0.7661329580892979,5,2,4,2,20,3,0.95,Спящий,Екатеринбург,Уральский,Авто,Шины и диски,Continental,,136,7.7,4.7,40.8,0.78,1.4,140,101,90,0.99,111,T2_core,Авто,1
549,b94b08947b2c65c0,72.3,71.15,74.99,0.8414543241804215,0.7648386197104536,0.6130118404705762,5,3,4,1,20,3,0.95,Активный,Уфа,Приволжский,Авто,Запчасти,Mercedes-Benz,5.0,149,3.1,6.6,44.2,0.91,2.6,52,112,87,0.78,112,T2_core,Авто,1
558,6908ad40fed5d2c6,72.22,76.79,61.54,0.7567683375167973,0.3921883319388453,0.650244669252808,7,1,2,1,44,4,0.8409090909090909,Спящий,Казань,Приволжский,Авто,Автомобили,Hyundai,5.0,249,18.7,4.4,11.8,0.68,1.1,58,184,122,0.93,113,T2_core,Авто,1
568,4558a01ee0342b75,72.16,73.11,69.93,0.7830379554270936,0.6397980527877083,0.6471736264293502,7,4,4,2,23,0,0.8695652173913043,Активный,Санкт-Петербург,Северо-Западный,Авто,Запчасти,BMW,5.0,508,53.8,10.2,10.0,0.66,3.9,64,384,305,0.72,114,T2_core,Авто,1
575,d62cb5f48522dfb2,72.13,79.24,55.53,0.6562029360310337,0.4808834715144139,0.4950742881772774,3,4,2,1,16,0,1.0,Спящий,Самара,Приволжский,Авто,Запчасти,VAG,5.0,148,7.6,3.0,22.7,0.87,2.8,257,111,88,0.73,115,T2_core,Авто,1
581,0e8368453336cee1,72.1,76.04,62.91,0.6680079105499354,0.4105955731345554,0.7958729494688268,8,1,2,2,18,0,0.9444444444444444,Новичок,Краснодар,Южный,Авто,Запчасти,Toyota,5.0,110,53.1,0.1,43.6,0.82,5.0,403,85,44,0.98,116,T2_core,Авто,1
582,200c7cb0e2c6a35f,72.09,75.63,63.83,0.652305976014807,0.6127025176846428,0.6453259298699323,4,3,4,1,17,4,0.9411764705882352,Новичок,Екатеринбург,Уральский,Авто,Автомобили,BMW,4.8,197,14.6,1.6,48.8,0.72,4.0,605,150,65,0.76,117,T2_core,Авто,1
587,a72add81a224bc3c,72.08,72.48,71.16,0.8194138079663296,0.600830988058112,0.678743566339596,7,3,3,3,23,0,0.7391304347826086,Новичок,Екатеринбург,Уральский,Авто,Шины и диски,Nokian,4.9,285,22.9,8.9,27.2,0.67,1.9,146,214,194,0.82,118,T2_core,Авто,1
592,6be2f78491d161e8,72.07,74.52,66.35,0.698306330975381,0.6082991049922669,0.6723377956948353,4,2,5,2,32,0,0.90625,Активный,Воронеж,Центральный,Авто,Шины и диски,Continental,5.0,530,7.5,5.2,38.5,0.45,2.4,45,398,244,0.84,119,T2_core,Авто,1
595,a0dadb1b2b86ee32,72.05,75.78,63.35,0.6423011586927309,0.5336312466722447,0.7217761973580791,4,4,3,2,20,0,0.95,Постоянный клиент,Екатеринбург,Уральский,Авто,Шины и диски,Michelin,5.0,174,31.8,2.6,19.8,0.78,3.9,492,131,68,0.85,120,T2_core,Авто,1
597,644ff2267214e8cd,72.05,76.24,62.28,0.5503739763190589,0.5488108820770264,0.7932525798027433,6,0,5,2,47,0,0.723404255319149,Постоянный клиент,Москва,Центральный,Авто,Шины и диски,Michelin,4.9,142,50.7,1.5,28.3,0.53,8.0,1589,104,46,0.89,121,T3_reserve,Авто,1
600,d5c7e800ee2fa27b,72.03,73.94,67.57,0.7710098628330925,0.5907976471184808,0.6335406049542354,4,6,5,2,22,0,0.7727272727272727,Постоянный клиент,Владивосток,Дальневосточный,Авто,Шины и диски,Bridgestone,5.0,195,7.8,3.6,38.9,0.5,2.3,110,148,67,0.79,122,T3_reserve,Авто,1
602,1e323d6952dab952,72.01,73.67,68.14,0.4947846149945488,0.8058226211302959,0.805645140843285,4,2,5,3,18,3,0.9444444444444444,Постоянный клиент,Казань,Приволжский,Авто,Запчасти,Hyundai/Kia,4.7,131,30.6,10.3,69.4,0.65,5.7,209,97,60,0.77,123,T3_reserve,Авто,1
607,505d63580e765139,72.0,73.75,67.91,0.720983240790041,0.5843563804163181,0.7181283436018355,5,3,2,1,20,4,0.85,Активный,Казань,Приволжский,Авто,Автомобили,Hyundai,5.0,141,28.6,5.1,19.7,0.94,4.7,496,107,65,0.83,124,T3_reserve,Авто,1
608,d2241a8819feba06,71.99,77.91,58.17,0.4952283157120762,0.5596004158109581,0.7189567962272762,2,4,3,2,20,0,0.85,Активный,Владивосток,Дальневосточный,Авто,Шины и диски,Michelin,5.0,208,,9.0,26.5,0.61,4.4,89,155,66,0.83,125,T3_reserve,Авто,1
614,1d31994e9a269491,71.97,74.77,65.43,0.7458025912121904,0.4414733399254582,0.7451287999797165,5,5,4,3,19,0,1.0,Премиум,Казань,Приволжский,Авто,Запчасти,Hyundai/Kia,,92,12.1,0.5,32.7,0.69,5.7,18,70,59,0.78,126,T3_reserve,Авто,1
619,8a7d61dda368dce1,71.94,79.87,53.44,0.4974975279531452,0.3838556324636799,0.7341129788798458,3,1,2,2,14,3,0.9285714285714286,Премиум,Воронеж,Центральный,Авто,Шины и диски,Michelin,5.0,102,13.9,1.1,39.2,0.82,5.3,111,77,45,0.81,127,T3_reserve,Авто,1
626,2925a6eb13b449ef,71.9,76.51,61.17,0.6295530032199995,0.5250602165259501,0.6744105119038565,4,2,4,0,49,4,0.8775510204081632,Спящий,Казань,Приволжский,Авто,Автомобили,Lada,4.8,232,10.5,6.1,18.8,0.34,6.4,11,176,92,0.94,128,T3_reserve,Авто,1
628,009b21fe472fef82,71.9,73.94,67.14,0.652764889328364,0.6135163915722217,0.7540858497502599,5,2,2,1,49,7,0.8163265306122449,Спящий,Омск,Сибирский,Авто,Автомобили,BMW,4.8,151,24.3,6.8,57.8,0.77,3.5,282,114,77,0.91,129,T3_reserve,Авто,1
629,fad5c5f4d732236b,71.9,73.94,67.14,0.652764889328364,0.6135163915722217,0.7540858497502599,5,2,2,1,49,7,0.8163265306122449,Спящий,Омск,Сибирский,Авто,Автомобили,BMW,4.8,151,24.3,6.8,57.8,0.77,3.5,282,114,77,0.91,130,T3_reserve,Авто,1
636,df0c8421031435c2,71.87,71.52,72.68,0.8999011181258083,0.705387160568951,0.5174818082705814,6,3,4,1,21,4,0.9523809523809524,Премиум,Екатеринбург,Уральский,Авто,Автомобили,BMW,5.0,133,4.2,9.8,26.9,0.71,1.4,127,98,89,0.66,131,T3_reserve,Авто,1
637,0f5382a293b20c4d,71.87,72.88,69.52,0.5259602951243629,0.8054942825993257,0.810634872340965,3,2,5,2,20,3,0.85,Постоянный клиент,Пермь,Приволжский,Авто,Запчасти,Toyota,5.0,160,21.9,3.8,69.4,0.88,6.0,246,119,104,0.83,132,T3_reserve,Авто,1
638,35dbdb03a6d55791,71.87,71.93,71.72,0.789176237925002,0.5779303263101849,0.7604656322101367,7,3,6,3,47,0,0.8723404255319149,Уходящий,Красноярск,Сибирский,Авто,Запчасти,Hyundai/Kia,4.8,243,24.0,2.4,13.5,0.59,3.2,659,178,126,0.86,133,T3_reserve,Авто,1
643,e061e48316a10555,71.84,72.45,70.42,0.6927461271265942,0.7163782612002738,0.7071740067442509,6,1,6,1,48,4,0.7708333333333334,Новичок,Омск,Сибирский,Авто,Автомобили,BMW,5.0,400,,6.8,43.6,0.61,2.9,111,299,181,0.87,134,T3_reserve,Авто,1
651,e7733f9bbc1f4e08,71.81,75.08,64.18,0.7436322608453133,0.5026089602190614,0.6452650794858144,5,6,3,1,23,4,0.7391304347826086,Активный,Пермь,Приволжский,Авто,Автомобили,BMW,4.9,166,,2.5,18.7,0.86,4.8,89,124,84,0.69,135,T3_reserve,Авто,1
656,600cff29c0437837,71.79,79.59,53.6,0.6499201338708451,0.2086661088714789,0.7112845769630587,5,1,0,2,47,0,0.5957446808510638,Премиум,Новосибирск,Сибирский,Авто,Запчасти,BMW,5.0,407,22.2,0.3,33.7,0.79,2.7,69,302,267,0.88,136,T3_reserve,Авто,1
659,ead60fd1ef5b2031,71.77,75.06,64.07,0.8169417611115338,0.4326886995765828,0.6138529702593748,7,2,0,1,18,0,0.9444444444444444,Постоянный клиент,Самара,Приволжский,Авто,Запчасти,Mercedes-Benz,5.0,112,20.0,4.6,48.2,0.92,2.6,27,82,72,0.91,137,T3_reserve,Авто,1
660,441df399253a467d,71.77,75.06,64.07,0.8169417611115338,0.4326886995765828,0.6138529702593748,7,2,0,1,18,0,0.9444444444444444,Постоянный клиент,Самара,Приволжский,Авто,Запчасти,Mercedes-Benz,5.0,112,20.0,4.6,48.2,0.92,2.6,27,82,72,0.91,138,T3_reserve,Авто,1
674,76bc80adf4bcc352,71.69,72.22,70.44,0.7136761238305318,0.5782516924013082,0.8182937805836565,6,3,3,3,20,0,0.9,Спящий,Новосибирск,Сибирский,Авто,Запчасти,Hyundai/Kia,4.7,235,,3.1,5.0,0.89,5.7,491,175,163,0.89,139,T3_reserve,Авто,1
677,5199152bc1bcace9,71.68,77.13,58.97,0.4927664105879668,0.5560216525950152,0.752709109809589,3,0,4,3,16,3,0.9375,Активный,Самара,Приволжский,Авто,Запчасти,Hyundai/Kia,5.0,108,3.4,4.1,42.3,0.42,2.3,95,79,50,0.84,140,T3_reserve,Авто,1
680,4fa6cf7e805363b0,71.66,74.61,64.78,0.7589361324510029,0.4791739560355975,0.6681315128926751,8,0,2,2,20,0,0.75,Новичок,Новосибирск,Сибирский,Авто,Шины и диски,Michelin,4.9,100,3.6,5.9,5.0,0.7,4.7,270,77,57,0.74,141,T3_reserve,Авто,1
683,61d07e3ce6b91d0a,71.65,75.74,62.11,0.6654319109556046,0.6137959230242641,0.5691444182449735,4,3,2,0,15,4,0.8666666666666667,Новичок,Красноярск,Сибирский,Авто,Автомобили,Lada,5.0,110,24.0,4.9,51.8,0.87,2.8,349,81,44,0.96,142,T3_reserve,Авто,1
684,801ed6f9c6bad845,71.65,75.74,62.11,0.6654319109556046,0.6137959230242641,0.5691444182449735,4,3,2,0,15,4,0.8666666666666667,Новичок,Красноярск,Сибирский,Авто,Автомобили,Lada,5.0,110,24.0,4.9,51.8,0.87,2.8,349,81,44,0.96,143,T3_reserve,Авто,1
697,c90524fb169d5fee,71.61,73.7,66.75,0.69401891432773,0.5981453310007353,0.7014090667072337,5,4,3,1,18,0,0.8888888888888888,Активный,Омск,Сибирский,Авто,Запчасти,VAG,4.7,122,21.1,4.5,48.3,0.69,5.0,214,91,53,0.98,144,T3_reserve,Авто,1
698,8d172c9623ba5fae,71.6,73.65,66.8,0.6742831064121092,0.6061439872214193,0.7213813037194797,6,3,4,1,20,4,0.95,Активный,Нижний Новгород,Приволжский,Авто,Автомобили,Toyota,4.8,340,57.1,5.3,22.8,0.69,4.5,39,255,159,0.84,145,T3_reserve,Авто,1
707,2fa79b6b82ec11dd,71.55,74.02,65.79,0.7897974189295405,0.4985776222712406,0.6414213635556908,7,2,3,1,21,4,0.7619047619047619,Постоянный клиент,Новосибирск,Сибирский,Авто,Автомобили,Kia,4.7,148,7.2,1.9,9.7,0.93,3.2,134,113,57,0.76,146,T3_reserve,Авто,1
709,7796a3f8f6f378d6,71.55,74.02,65.79,0.7897974189295405,0.4985776222712406,0.6414213635556908,7,2,3,1,21,4,0.7619047619047619,Постоянный клиент,Новосибирск,Сибирский,Авто,Автомобили,Kia,4.7,148,7.2,1.9,9.7,0.93,3.2,134,113,57,0.76,147,T3_reserve,Авто,1
711,6578e99818a241a6,71.53,72.25,69.85,0.7901675920995919,0.5839418371745139,0.6909833675616744,6,2,4,2,16,0,0.9375,Новичок,Санкт-Петербург,Северо-Западный,Авто,Запчасти,Toyota,4.8,96,7.6,4.1,43.3,0.39,1.8,219,70,52,0.99,148,T3_reserve,Авто,1
712,f2a56c3ac02a9fa7,71.53,74.99,63.43,0.8281661215486424,0.4034418498516772,0.6067385461829061,6,2,0,2,30,0,0.9666666666666668,Новичок,Нижний Новгород,Приволжский,Авто,Шины и диски,Michelin,4.9,465,3.7,1.3,61.3,0.9,1.6,1532,351,259,0.8,149,T3_reserve,Авто,1
747,cf441c66600831b2,71.35,73.03,67.43,0.8304759007124566,0.5788728734058467,0.5614455769377045,8,4,2,2,22,0,0.8636363636363636,Постоянный клиент,Воронеж,Центральный,Авто,Запчасти,Toyota,4.6,297,7.5,8.6,26.1,0.78,2.4,294,217,140,0.58,150,T3_reserve,Авто,1
748,c97bad9c1e2694e7,71.35,77.2,57.71,0.6269440430009382,0.3993033898734819,0.688570903374661,9,0,2,3,17,0,0.7058823529411765,Постоянный клиент,Воронеж,Центральный,Авто,Запчасти,Hyundai/Kia,5.0,115,51.4,1.4,62.0,0.67,5.5,280,85,38,0.7,151,T3_reserve,Авто,1
750,cfe092be48ed9eca,71.35,73.03,67.43,0.8304759007124566,0.5788728734058467,0.5614455769377045,8,4,2,2,22,0,0.8636363636363636,Постоянный клиент,Воронеж,Центральный,Авто,Запчасти,Toyota,4.6,297,7.5,8.6,26.1,0.78,2.4,294,217,140,0.58,152,T3_reserve,Авто,1
757,9f670085e4025972,71.34,78.67,54.24,0.554904794503182,0.4433964656068558,0.6247128622499429,4,2,2,1,12,4,0.9166666666666666,Новичок,Нижний Новгород,Приволжский,Авто,Автомобили,Kia,4.9,126,30.5,2.0,41.0,0.84,7.5,143,97,50,0.78,153,T3_reserve,Авто,1
770,d21751854d1821b3,71.3,73.84,65.37,0.6335513805430897,0.6485643112497148,0.6856982581577545,5,3,4,3,20,0,0.85,Активный,Самара,Приволжский,Авто,Шины и диски,Nokian,4.3,227,12.2,5.6,14.5,0.71,4.9,170,170,117,0.67,154,T3_reserve,Авто,1
772,896d831f783a73f2,71.29,75.75,60.87,0.4476864176871784,0.6713698942724575,0.7607553053928653,2,3,5,2,20,3,0.95,Новичок,Красноярск,Сибирский,Авто,Шины и диски,Continental,4.9,201,,1.4,11.5,0.97,4.2,1205,151,61,0.79,155,T3_reserve,Авто,1
777,5b7695bd49b21eaa,71.24,73.75,65.38,0.8241576024948658,0.552427676783043,0.5279056058416369,5,4,3,0,46,7,0.8913043478260869,Постоянный клиент,Уфа,Приволжский,Авто,Автомобили,Volkswagen,5.0,211,12.5,2.6,52.0,0.71,1.3,296,160,77,0.91,156,T3_reserve,Авто,1
788,7c2eb4641809849f,71.21,72.82,67.45,0.8339443726071856,0.3850745417205446,0.7512284171293833,7,3,2,1,23,4,0.782608695652174,Уходящий,Екатеринбург,Уральский,Авто,Автомобили,Toyota,5.0,104,,2.6,21.9,0.62,5.4,655,80,50,0.86,157,T3_reserve,Авто,1
793,2533ffd5fb0badee,71.18,73.68,65.35,0.8209959179533988,0.3127563956289141,0.7708970360792069,6,4,1,2,25,3,0.8,Активный,Уфа,Приволжский,Авто,Шины и диски,Bridgestone,5.0,132,,2.8,64.5,0.63,1.4,22,102,62,0.99,158,T3_reserve,Авто,1
797,28c0a58d4b97f6e5,71.16,74.22,64.03,0.7519966532288735,0.4812815344438528,0.6503809487589057,5,4,2,2,21,0,0.9047619047619048,Постоянный клиент,Екатеринбург,Уральский,Авто,Шины и диски,Michelin,4.7,253,9.1,4.0,62.0,0.53,6.8,618,189,125,0.63,159,T3_reserve,Авто,1
799,1d432a18f3916842,71.16,74.22,64.03,0.7519966532288735,0.4812815344438528,0.6503809487589057,5,4,2,2,21,0,0.9047619047619048,Постоянный клиент,Екатеринбург,Уральский,Авто,Шины и диски,Michelin,4.7,253,9.1,4.0,62.0,0.53,6.8,618,189,125,0.63,160,T3_reserve,Авто,1
808,083d29557acaf08b,71.1,70.25,73.1,0.8004665196115718,0.7165221470043864,0.6528060901092771,6,5,4,3,23,0,0.8260869565217391,Новичок,Москва,Центральный,Авто,Шины и диски,Nokian,4.9,234,,5.1,74.7,0.75,3.3,82,173,131,0.66,161,T3_reserve,Авто,1
815,b18fedafe6a64bef,71.07,71.4,70.3,0.8367308131132578,0.5567410816155777,0.6709902132298877,6,4,3,3,22,0,0.9090909090909092,Новичок,Санкт-Петербург,Северо-Западный,Авто,Шины и диски,Nokian,5.0,161,22.6,3.2,23.1,0.76,3.9,491,121,69,0.67,162,T3_reserve,Авто,1
825,c48513d68a206cbb,71.04,73.01,66.45,0.8241576024948658,0.5508233817600974,0.5654388833954515,5,4,4,1,18,0,1.0,Уходящий,Владивосток,Дальневосточный,Авто,Запчасти,Mercedes-Benz,5.0,145,12.5,1.7,84.1,0.65,6.6,97,109,64,0.7,163,T3_reserve,Авто,1
828,be61a1d01d6e930d,71.03,72.54,67.5,0.7545447630638168,0.4976876854035141,0.7461569179280445,6,2,2,3,15,0,0.8666666666666667,Активный,Нижний Новгород,Приволжский,Авто,Запчасти,Hyundai/Kia,4.7,73,8.1,2.7,44.8,0.79,2.9,396,54,50,0.94,164,T3_reserve,Авто,1
832,5ca5fd2725220029,71.02,71.37,70.21,0.696924520169367,0.6591535458025911,0.7519377044192592,6,3,4,2,23,0,0.9130434782608696,Уходящий,Москва,Центральный,Авто,Шины и диски,Continental,4.9,106,61.5,1.9,37.6,0.9,7.7,346,79,50,0.83,165,T3_reserve,Авто,1
833,05770408d406b940,71.02,75.97,59.49,0.612897746000355,0.5301012905352298,0.6355651479424963,4,3,4,3,20,0,0.9,Активный,Нижний Новгород,Приволжский,Авто,Шины и диски,Nokian,5.0,167,36.2,2.5,19.7,0.51,2.9,1459,122,103,0.66,166,T3_reserve,Авто,1
840,6e62b0acfa35c03f,71.0,75.44,60.63,0.7235541695190285,0.4026875586318806,0.6537080702821937,6,1,3,1,16,4,0.875,Премиум,Новосибирск,Сибирский,Авто,Автомобили,Toyota,4.9,101,13.2,2.6,46.5,0.45,5.1,40,76,59,0.76,167,T3_reserve,Авто,1
842,161c1314f8ec66dd,70.99,71.92,68.81,0.7853249156968638,0.4646807890266474,0.781862148525646,5,2,4,3,19,0,0.8947368421052632,Новичок,Пермь,Приволжский,Авто,Запчасти,Hyundai/Kia,5.0,114,7.6,1.4,26.9,0.49,4.2,346,85,47,0.87,168,T3_reserve,Авто,1
843,1e1c25a413becbbc,70.99,73.74,64.57,0.5376486397403717,0.742497020866611,0.6931372176161862,6,1,6,1,46,0,0.7608695652173914,Уходящий,Краснодар,Южный,Авто,Запчасти,VAG,4.8,412,274.3,4.2,69.8,0.76,3.4,85,307,213,0.99,169,T3_reserve,Авто,1
845,b1f2c178f166426f,70.98,76.02,59.24,0.5357039628812658,0.4950476661342258,0.7654617022894956,5,1,3,2,17,0,0.8823529411764706,Новичок,Владивосток,Дальневосточный,Авто,Шины и диски,Bridgestone,5.0,123,132.9,5.4,17.4,0.36,3.4,354,91,53,0.99,170,T3_reserve,Авто,1
846,aa4ea382ea079389,70.97,74.29,63.24,0.6573641641946198,0.5549092315103572,0.6766290154914937,3,6,3,3,21,0,0.8095238095238095,Новичок,Нижний Новгород,Приволжский,Авто,Запчасти,Hyundai/Kia,5.0,333,10.0,5.1,38.0,0.53,1.9,374,249,139,0.82,171,T3_reserve,Авто,1
847,53be94e9e868909a,70.97,74.29,63.24,0.6573641641946198,0.5549092315103572,0.6766290154914937,3,6,3,3,21,0,0.8095238095238095,Новичок,Нижний Новгород,Приволжский,Авто,Запчасти,Hyundai/Kia,5.0,333,10.0,5.1,38.0,0.53,1.9,374,249,139,0.82,172,T3_reserve,Авто,1
850,7d4bcbd2e2ceb0cb,70.97,74.29,63.24,0.6573641641946198,0.5549092315103572,0.6766290154914937,3,6,3,3,21,0,0.8095238095238095,Новичок,Нижний Новгород,Приволжский,Авто,Запчасти,Hyundai/Kia,5.0,333,10.0,5.1,38.0,0.53,1.9,374,249,139,0.82,173,T3_reserve,Авто,1
856,89394771ecd6bf88,70.95,73.76,64.37,0.5373874901751985,0.7188629852184275,0.7102887857812936,3,2,5,1,17,4,0.8823529411764706,Постоянный клиент,Краснодар,Южный,Авто,Автомобили,Toyota,4.8,191,7.9,2.7,25.9,0.87,9.2,652,142,132,0.8,174,T3_reserve,Авто,1
861,e2859baa249cfb83,70.93,75.19,60.99,0.6454527015035116,0.6683153317613652,0.5039559088258411,6,0,3,1,16,0,0.9375,Активный,Нижний Новгород,Приволжский,Авто,Запчасти,Mercedes-Benz,5.0,149,,7.9,70.6,0.71,2.9,120,107,75,0.74,175,T3_reserve,Авто,1
863,18c708942e6d85af,70.92,76.07,58.91,0.472835374356634,0.625752389645293,0.7075701680991862,3,2,5,2,17,0,0.8823529411764706,Уходящий,Челябинск,Уральский,Авто,Шины и диски,Continental,4.7,201,14.3,2.5,40.1,0.62,8.1,379,149,107,0.79,176,T3_reserve,Авто,1
872,77e0b881b8875b34,70.87,68.96,75.32,0.7854871833878452,0.716432139144545,0.7469137445805127,6,4,3,3,21,0,0.9523809523809524,Активный,Ростов-на-Дону,Южный,Авто,Шины и диски,Nokian,5.0,99,33.5,4.5,37.8,0.96,6.0,2827,75,70,0.77,177,T3_reserve,Авто,1
873,d5690f5ceb723175,70.87,76.21,58.4,0.4068329910499226,0.643352095535103,0.7609930022058264,3,0,4,2,13,0,0.9230769230769232,Уходящий,Казань,Приволжский,Авто,Шины и диски,Continental,4.8,100,11.6,6.8,39.6,0.37,8.1,269,74,30,0.99,178,T3_reserve,Авто,1
874,f015bf126991ee15,70.87,73.46,64.84,0.6673360208919652,0.4830861286478538,0.7886235136025963,6,2,4,3,21,3,0.9047619047619048,Постоянный клиент,Владивосток,Дальневосточный,Авто,Запчасти,Hyundai/Kia,4.5,240,14.3,3.9,16.6,0.35,2.5,67,179,126,0.84,179,T3_reserve,Авто,1
880,1fa6c937089aafc0,70.85,73.8,63.95,0.7176466113942345,0.3502332598057858,0.8245360158210999,9,0,2,2,18,0,0.7222222222222222,Постоянный клиент,Екатеринбург,Уральский,Авто,Запчасти,Toyota,4.8,63,9.3,0.5,47.0,0.75,7.7,108,49,30,0.99,180,T3_reserve,Авто,1
887,46363b31f429b3b7,70.79,73.74,63.91,0.7189574300854442,0.4995360158210998,0.6722230673664462,6,2,2,1,15,4,0.8666666666666667,Постоянный клиент,Екатеринбург,Уральский,Авто,Автомобили,Hyundai,4.9,115,25.5,7.7,26.3,0.69,3.5,113,81,58,0.86,181,T3_reserve,Авто,1
891,654bf39ff29e8820,70.78,77.07,56.11,0.507375573641642,0.414224411145762,0.7796512512360235,3,2,1,2,15,0,1.0,Спящий,Пермь,Приволжский,Авто,Шины и диски,Continental,5.0,85,,6.4,45.5,0.62,7.5,90,62,53,0.97,182,T3_reserve,Авто,1
898,213ed4121fa01bf6,70.75,76.72,56.79,0.4550214244060749,0.5555304125148957,0.7308904439542608,2,4,5,1,18,4,0.9444444444444444,Постоянный клиент,Воронеж,Центральный,Авто,Автомобили,BMW,4.9,136,25.6,2.3,19.2,0.65,9.6,154,99,65,0.82,183,T3_reserve,Авто,1
905,2eff54c1c349651a,70.71,71.07,69.86,0.7529930782688066,0.6408470880555767,0.6838410537258183,8,2,3,2,21,0,0.7142857142857143,Активный,Воронеж,Центральный,Авто,Запчасти,Toyota,5.0,142,39.9,5.0,30.1,0.81,3.6,346,108,58,0.8,184,T3_reserve,Авто,1
927,31ef7be74d178f34,70.64,72.84,65.52,0.6393727339570497,0.7164327730027128,0.6151790015466139,4,4,5,2,21,0,0.9047619047619048,Спящий,Москва,Центральный,Авто,Шины и диски,Continental,5.0,163,32.9,3.4,49.7,0.8,3.5,114,123,83,0.67,185,T3_reserve,Авто,1
940,3d9493ea5d697a97,70.6,74.12,62.38,0.7052762353895693,0.5600244669252807,0.5790376765294998,6,0,3,0,15,4,0.9333333333333332,Постоянный клиент,Владивосток,Дальневосточный,Авто,Автомобили,Volkswagen,5.0,104,13.2,5.5,25.0,0.6,8.2,416,77,58,0.84,186,T3_reserve,Авто,1
941,24e17703dcc098f1,70.6,74.12,62.38,0.7052762353895693,0.5600244669252807,0.5790376765294998,6,0,3,0,15,4,0.9333333333333332,Постоянный клиент,Владивосток,Дальневосточный,Авто,Автомобили,Volkswagen,5.0,104,13.2,5.5,25.0,0.6,8.2,416,77,58,0.84,187,T3_reserve,Авто,1
943,415a47564ed9276b,70.59,72.38,66.41,0.7045308181841231,0.5633439821505539,0.7110310336959001,4,4,3,2,21,0,0.8571428571428571,Активный,Краснодар,Южный,Авто,Шины и диски,Continental,5.0,111,19.0,8.1,34.8,0.5,7.6,182,84,53,0.77,188,T3_reserve,Авто,1
948,d2275dd07bcc1ba4,70.58,74.4,61.66,0.5505894880961436,0.6203227605790927,0.701045232118861,4,3,2,3,16,0,0.8125,Постоянный клиент,Омск,Сибирский,Авто,Запчасти,Hyundai/Kia,4.7,112,26.8,9.9,11.3,1.0,4.9,203,84,48,0.76,189,T3_reserve,Авто,1
949,fb932e4f8be5ed54,70.58,75.35,59.44,0.4397378362617581,0.5654071904870566,0.8296873811515936,2,6,9,1,49,7,0.7755102040816326,Активный,Красноярск,Сибирский,Авто,Автомобили,Toyota,5.0,118,51.7,1.5,21.4,0.81,5.8,51,89,79,0.99,190,T3_reserve,Авто,1
955,5c378fc884d60cd4,70.56,75.91,58.1,0.4053294794756725,0.6772723815319084,0.7187938946781269,4,0,4,1,15,3,1.0,Активный,Челябинск,Уральский,Авто,Запчасти,Mercedes-Benz,5.0,157,99.7,3.9,40.1,0.75,5.0,223,118,47,0.92,191,T3_reserve,Авто,1
968,7ee17ea65ae48b73,70.49,74.5,61.12,0.6979488349686873,0.3982366065769123,0.7086578687152962,5,5,1,2,36,0,0.8055555555555556,Уходящий,Новосибирск,Сибирский,Авто,Запчасти,Toyota,4.6,418,15.1,5.7,55.0,0.53,3.2,125,309,147,0.85,192,T3_reserve,Авто,1
984,9fd0c44b9cd8fdab,70.42,73.39,63.47,0.6180598869197029,0.6425096980299688,0.6491087954159378,4,4,5,1,17,4,0.9411764705882352,Активный,Самара,Приволжский,Авто,Автомобили,Toyota,4.8,212,,2.2,14.9,0.89,3.2,158,157,86,0.8,193,T3_reserve,Авто,1
